time	counter	buttons_hex	left_x	left_y	right_x	right_y	home	capture	gl	gr	c	motion_len	has_motion	motion_source	motion_meta_hex	accel_x	accel_y	accel_z	gyro_x	gyro_y	gyro_z
2026-05-20T18:11:27.7347866+10:00	0	000000	1989	2176	2165	2123	false	false	false	false	false	0	false		0000	0	0	0	0	0	0
2026-05-20T18:11:27.747826+10:00	1	000000	1989	2176	2165	2122	false	false	false	false	false	0	false		0000	0	0	0	0	0	0
2026-05-20T18:11:27.748962+10:00	2	000000	1990	2176	2165	2122	false	false	false	false	false	0	false		0000	0	0	0	0	0	0
2026-05-20T18:11:27.7505221+10:00	3	000000	1989	2175	2165	2123	false	false	false	false	false	0	false		0000	0	0	0	0	0	0
2026-05-20T18:11:27.7521438+10:00	4	000000	1989	2176	2166	2122	false	false	false	false	false	0	false		0000	0	0	0	0	0	0
2026-05-20T18:11:27.7610385+10:00	5	000000	1989	2176	2165	2122	false	false	false	false	false	0	false		0000	0	0	0	0	0	0
2026-05-20T18:11:27.7750204+10:00	6	000000	1989	2175	2165	2122	false	false	false	false	false	0	false		0000	0	0	0	0	0	0
2026-05-20T18:11:27.7890356+10:00	7	000000	1988	2176	2165	2123	false	false	false	false	false	0	false		0000	0	0	0	0	0	0
2026-05-20T18:11:27.8023555+10:00	8	000000	1989	2175	2165	2122	false	false	false	false	false	0	false		0000	0	0	0	0	0	0
2026-05-20T18:11:27.8165427+10:00	9	000000	1989	2176	2165	2122	false	false	false	false	false	0	false		0000	0	0	0	0	0	0
2026-05-20T18:11:27.8303059+10:00	10	000000	1989	2176	2165	2123	false	false	false	false	false	0	false		0000	0	0	0	0	0	0
2026-05-20T18:11:27.8439706+10:00	11	000000	1989	2176	2164	2122	false	false	false	false	false	0	false		0000	0	0	0	0	0	0
2026-05-20T18:11:27.8576357+10:00	12	000000	1989	2175	2165	2122	false	false	false	false	false	0	false		0000	0	0	0	0	0	0
2026-05-20T18:11:27.8714905+10:00	13	000000	1990	2176	2165	2122	false	false	false	false	false	0	false		0000	0	0	0	0	0	0
2026-05-20T18:11:27.8852386+10:00	14	000000	1988	2176	2165	2122	false	false	false	false	false	0	false		0000	0	0	0	0	0	0
2026-05-20T18:11:27.8989792+10:00	15	000000	1989	2176	2165	2122	false	false	false	false	false	0	false		0000	0	0	0	0	0	0
2026-05-20T18:11:27.9126733+10:00	16	000000	1988	2176	2165	2122	false	false	false	false	false	0	false		0000	0	0	0	0	0	0
2026-05-20T18:11:27.9264317+10:00	17	000000	1989	2176	2164	2122	false	false	false	false	false	0	false		0000	0	0	0	0	0	0
2026-05-20T18:11:27.9396523+10:00	18	000000	1989	2176	2165	2122	false	false	false	false	false	0	false		0000	0	0	0	0	0	0
2026-05-20T18:11:27.9536081+10:00	19	000000	1989	2176	2165	2122	false	false	false	false	false	0	false		0000	0	0	0	0	0	0
2026-05-20T18:11:27.9674587+10:00	20	000000	1989	2175	2165	2122	false	false	false	false	false	0	false		0000	0	0	0	0	0	0
2026-05-20T18:11:27.9812535+10:00	21	000000	1989	2175	2165	2122	false	false	false	false	false	0	false		0000	0	0	0	0	0	0
2026-05-20T18:11:27.9949687+10:00	22	000000	1989	2175	2165	2122	false	false	false	false	false	0	false		0000	0	0	0	0	0	0
2026-05-20T18:11:28.0090577+10:00	23	000000	1989	2175	2165	2122	false	false	false	false	false	0	false		0000	0	0	0	0	0	0
2026-05-20T18:11:28.0226898+10:00	24	000000	1988	2175	2165	2122	false	false	false	false	false	0	false		0000	0	0	0	0	0	0
2026-05-20T18:11:28.0364456+10:00	25	000000	1989	2176	2165	2121	false	false	false	false	false	0	false		0000	0	0	0	0	0	0
2026-05-20T18:11:28.0501447+10:00	26	000000	1989	2176	2165	2122	false	false	false	false	false	0	false		0000	0	0	0	0	0	0
2026-05-20T18:11:28.0639881+10:00	27	000000	1989	2176	2164	2122	false	false	false	false	false	0	false		0000	0	0	0	0	0	0
2026-05-20T18:11:28.077556+10:00	28	000000	1990	2176	2164	2121	false	false	false	false	false	0	false		0000	0	0	0	0	0	0
2026-05-20T18:11:28.0912193+10:00	29	000000	1988	2176	2164	2122	false	false	false	false	false	0	false		0000	0	0	0	0	0	0
2026-05-20T18:11:28.1048126+10:00	30	000000	1989	2176	2165	2122	false	false	false	false	false	0	false		0000	0	0	0	0	0	0
2026-05-20T18:11:28.1417962+10:00	31	000000	1989	2175	2165	2123	false	false	false	false	false	0	false		0000	0	0	0	0	0	0
2026-05-20T18:11:28.1855982+10:00	32	000000	1989	2176	2164	2123	false	false	false	false	false	0	false		0000	0	0	0	0	0	0
2026-05-20T18:11:28.2287989+10:00	33	000000	1989	2175	2165	2122	false	false	false	false	false	0	false		0000	0	0	0	0	0	0
2026-05-20T18:11:28.2728261+10:00	34	000000	1989	2176	2165	2123	false	false	false	false	false	0	false		0000	0	0	0	0	0	0
2026-05-20T18:11:28.3162566+10:00	35	000000	1989	2176	2165	2122	false	false	false	false	false	0	false		0000	0	0	0	0	0	0
2026-05-20T18:11:28.3604635+10:00	36	000000	1989	2176	2164	2122	false	false	false	false	false	0	false		0000	0	0	0	0	0	0
2026-05-20T18:11:28.4036258+10:00	37	000000	1989	2176	2165	2122	false	false	false	false	false	0	false		0000	0	0	0	0	0	0
2026-05-20T18:11:28.4476161+10:00	38	000000	1990	2176	2166	2123	false	false	false	false	false	0	false		0000	0	0	0	0	0	0
2026-05-20T18:11:28.4913743+10:00	39	000000	1989	2176	2165	2123	false	false	false	false	false	0	false		0000	0	0	0	0	0	0
2026-05-20T18:11:28.5352732+10:00	40	000000	1989	2176	2165	2123	false	false	false	false	false	0	false		0000	0	0	0	0	0	0
2026-05-20T18:11:28.578826+10:00	41	000000	1989	2176	2165	2122	false	false	false	false	false	0	false		0000	0	0	0	0	0	0
2026-05-20T18:11:28.5798946+10:00	42	000000	1989	2176	2164	2122	false	false	false	false	false	0	false		0000	0	0	0	0	0	0
2026-05-20T18:11:28.6225918+10:00	43	000000	1989	2175	2165	2122	false	false	false	false	false	0	false		0000	0	0	0	0	0	0
2026-05-20T18:11:28.6663272+10:00	44	000000	1989	2176	2165	2122	false	false	false	false	false	0	false		0000	0	0	0	0	0	0
2026-05-20T18:11:28.7105988+10:00	45	000000	1989	2176	2164	2122	false	false	false	false	false	0	false		0000	0	0	0	0	0	0
2026-05-20T18:11:28.7541992+10:00	46	000000	1989	2176	2165	2122	false	false	false	false	false	0	false		0000	0	0	0	0	0	0
2026-05-20T18:11:28.7973957+10:00	47	000000	1989	2176	2165	2122	false	false	false	false	false	0	false		0000	0	0	0	0	0	0
2026-05-20T18:11:28.8412166+10:00	48	000000	1989	2176	2164	2122	false	false	false	false	false	0	false		0000	0	0	0	0	0	0
2026-05-20T18:11:28.885064+10:00	49	000000	1989	2176	2165	2123	false	false	false	false	false	0	false		0000	0	0	0	0	0	0
2026-05-20T18:11:28.9289846+10:00	50	000000	1989	2176	2165	2124	false	false	false	false	false	0	false		0000	0	0	0	0	0	0
2026-05-20T18:11:28.9725219+10:00	51	000000	1989	2176	2165	2123	false	false	false	false	false	0	false		0000	0	0	0	0	0	0
2026-05-20T18:11:29.0165015+10:00	52	000000	1989	2176	2165	2122	false	false	false	false	false	0	false		0000	0	0	0	0	0	0
2026-05-20T18:11:29.0599908+10:00	53	000000	1989	2176	2165	2122	false	false	false	false	false	0	false		0000	0	0	0	0	0	0
2026-05-20T18:11:29.103523+10:00	54	000000	1988	2176	2165	2123	false	false	false	false	false	0	false		0000	0	0	0	0	0	0
2026-05-20T18:11:29.1479975+10:00	55	000000	1989	2176	2166	2123	false	false	false	false	false	0	false		0000	0	0	0	0	0	0
2026-05-20T18:11:29.1914064+10:00	56	000000	1988	2175	2166	2122	false	false	false	false	false	0	false		0000	0	0	0	0	0	0
2026-05-20T18:11:29.2351667+10:00	57	000000	1990	2175	2164	2123	false	false	false	false	false	0	false		0000	0	0	0	0	0	0
2026-05-20T18:11:29.2791444+10:00	58	000000	1990	2176	2165	2123	false	false	false	false	false	0	false		0000	0	0	0	0	0	0
2026-05-20T18:11:29.3229229+10:00	59	000000	1989	2175	2165	2123	false	false	false	false	false	0	false		0000	0	0	0	0	0	0
2026-05-20T18:11:29.3664123+10:00	60	000000	1989	2176	2165	2122	false	false	false	false	false	0	false		0000	0	0	0	0	0	0
2026-05-20T18:11:29.4099469+10:00	61	000000	1988	2176	2165	2122	false	false	false	false	false	0	false		0000	0	0	0	0	0	0
2026-05-20T18:11:29.4540022+10:00	62	000000	1990	2175	2165	2122	false	false	false	false	false	0	false		0000	0	0	0	0	0	0
2026-05-20T18:11:29.4978884+10:00	63	000000	1989	2175	2164	2122	false	false	false	false	false	0	false		0000	0	0	0	0	0	0
2026-05-20T18:11:29.5412158+10:00	64	000000	1989	2177	2165	2122	false	false	false	false	false	0	false		0000	0	0	0	0	0	0
2026-05-20T18:11:29.5849566+10:00	65	000000	1989	2176	2164	2122	false	false	false	false	false	0	false		0000	0	0	0	0	0	0
2026-05-20T18:11:29.5860035+10:00	66	000000	1989	2175	2166	2122	false	false	false	false	false	0	false		0000	0	0	0	0	0	0
2026-05-20T18:11:29.6291029+10:00	67	000000	1989	2176	2165	2122	false	false	false	false	false	0	false		0000	0	0	0	0	0	0
2026-05-20T18:11:29.6725317+10:00	68	000000	1989	2176	2165	2121	false	false	false	false	false	0	false		0000	0	0	0	0	0	0
2026-05-20T18:11:29.7164068+10:00	69	000000	1989	2176	2164	2122	false	false	false	false	false	0	false		0000	0	0	0	0	0	0
2026-05-20T18:11:29.7602598+10:00	70	000000	1989	2176	2165	2122	false	false	false	false	false	0	false		0000	0	0	0	0	0	0
2026-05-20T18:11:29.8040465+10:00	71	000000	1989	2176	2165	2122	false	false	false	false	false	0	false		0000	0	0	0	0	0	0
2026-05-20T18:11:29.8476331+10:00	72	000000	1989	2176	2165	2122	false	false	false	false	false	0	false		0000	0	0	0	0	0	0
2026-05-20T18:11:29.8914208+10:00	73	000000	1990	2176	2165	2122	false	false	false	false	false	0	false		0000	0	0	0	0	0	0
2026-05-20T18:11:29.9349242+10:00	74	000000	1989	2176	2165	2122	false	false	false	false	false	0	false		0000	0	0	0	0	0	0
2026-05-20T18:11:29.9791427+10:00	75	000000	1988	2176	2165	2122	false	false	false	false	false	0	false		0000	0	0	0	0	0	0
2026-05-20T18:11:30.0226315+10:00	76	000000	1989	2176	2166	2122	false	false	false	false	false	0	false		0000	0	0	0	0	0	0
2026-05-20T18:11:30.0663692+10:00	77	000000	1990	2176	2165	2122	false	false	false	false	false	0	false		0000	0	0	0	0	0	0
2026-05-20T18:11:30.1102231+10:00	78	000000	1990	2176	2165	2122	false	false	false	false	false	0	false		0000	0	0	0	0	0	0
2026-05-20T18:11:30.1540546+10:00	79	000000	1990	2176	2165	2122	false	false	false	false	false	0	false		0000	0	0	0	0	0	0
2026-05-20T18:11:30.1975139+10:00	80	000000	1989	2176	2165	2122	false	false	false	false	false	0	false		0000	0	0	0	0	0	0
2026-05-20T18:11:30.2415449+10:00	81	000000	1989	2176	2165	2123	false	false	false	false	false	0	false		0000	0	0	0	0	0	0
2026-05-20T18:11:30.2852411+10:00	82	000000	1989	2175	2166	2123	false	false	false	false	false	0	false		0000	0	0	0	0	0	0
2026-05-20T18:11:30.3289817+10:00	83	000000	1989	2175	2164	2121	false	false	false	false	false	0	false		0000	0	0	0	0	0	0
2026-05-20T18:11:30.3730127+10:00	84	000000	1989	2176	2165	2122	false	false	false	false	false	0	false		0000	0	0	0	0	0	0
2026-05-20T18:11:30.4165199+10:00	85	000000	1990	2175	2165	2122	false	false	false	false	false	0	false		0000	0	0	0	0	0	0
2026-05-20T18:11:30.4600497+10:00	86	000000	1988	2176	2165	2122	false	false	false	false	false	0	false		0000	0	0	0	0	0	0
2026-05-20T18:11:30.5041972+10:00	87	000000	1989	2176	2165	2122	false	false	false	false	false	0	false		0000	0	0	0	0	0	0
2026-05-20T18:11:30.5479305+10:00	88	000000	1989	2176	2165	2123	false	false	false	false	false	0	false		0000	0	0	0	0	0	0
2026-05-20T18:11:30.548987+10:00	89	000000	1989	2175	2165	2122	false	false	false	false	false	0	false		0000	0	0	0	0	0	0
2026-05-20T18:11:30.5915998+10:00	90	000000	1989	2175	2165	2122	false	false	false	false	false	0	false		0000	0	0	0	0	0	0
2026-05-20T18:11:30.635117+10:00	91	000000	1989	2176	2165	2122	false	false	false	false	false	0	false		0000	0	0	0	0	0	0
2026-05-20T18:11:30.6789803+10:00	92	000000	1990	2175	2165	2122	false	false	false	false	false	0	false		0000	0	0	0	0	0	0
2026-05-20T18:11:30.7225944+10:00	93	000000	1989	2175	2165	2123	false	false	false	false	false	0	false		0000	0	0	0	0	0	0
2026-05-20T18:11:30.7664778+10:00	94	000000	1989	2176	2165	2122	false	false	false	false	false	0	false		0000	0	0	0	0	0	0
2026-05-20T18:11:30.810207+10:00	95	000000	1989	2175	2165	2122	false	false	false	false	false	0	false		0000	0	0	0	0	0	0
2026-05-20T18:11:30.8540281+10:00	96	000000	1989	2175	2165	2122	false	false	false	false	false	0	false		0000	0	0	0	0	0	0
2026-05-20T18:11:30.8979305+10:00	97	000000	1989	2175	2164	2122	false	false	false	false	false	0	false		0000	0	0	0	0	0	0
2026-05-20T18:11:30.9414832+10:00	98	000000	1989	2176	2165	2123	false	false	false	false	false	0	false		0000	0	0	0	0	0	0
2026-05-20T18:11:30.9856098+10:00	99	000000	1989	2176	2165	2122	false	false	false	false	false	0	false		0000	0	0	0	0	0	0
2026-05-20T18:11:31.0287946+10:00	100	000000	1989	2176	2166	2122	false	false	false	false	false	0	false		0000	0	0	0	0	0	0
2026-05-20T18:11:31.0727929+10:00	101	000000	1989	2176	2166	2122	false	false	false	false	false	0	false		0000	0	0	0	0	0	0
2026-05-20T18:11:31.1165178+10:00	102	000000	1990	2176	2165	2122	false	false	false	false	false	0	false		0000	0	0	0	0	0	0
2026-05-20T18:11:31.1601861+10:00	103	000000	1989	2176	2165	2122	false	false	false	false	false	0	false		0000	0	0	0	0	0	0
2026-05-20T18:11:31.2038988+10:00	104	000000	1989	2176	2165	2122	false	false	false	false	false	0	false		0000	0	0	0	0	0	0
2026-05-20T18:11:31.247953+10:00	105	000000	1989	2176	2165	2122	false	false	false	false	false	0	false		0000	0	0	0	0	0	0
2026-05-20T18:11:31.2914615+10:00	106	000000	1989	2175	2165	2123	false	false	false	false	false	0	false		0000	0	0	0	0	0	0
2026-05-20T18:11:31.3351552+10:00	107	000000	1989	2175	2166	2122	false	false	false	false	false	0	false		0000	0	0	0	0	0	0
2026-05-20T18:11:31.3791777+10:00	108	000000	1990	2176	2165	2122	false	false	false	false	false	0	false		0000	0	0	0	0	0	0
2026-05-20T18:11:31.4226013+10:00	109	000000	1989	2175	2165	2122	false	false	false	false	false	0	false		0000	0	0	0	0	0	0
2026-05-20T18:11:31.4663557+10:00	110	000000	1989	2176	2165	2122	false	false	false	false	false	0	false		0000	0	0	0	0	0	0
2026-05-20T18:11:31.5103116+10:00	111	000000	1988	2176	2165	2122	false	false	false	false	false	0	false		0000	0	0	0	0	0	0
2026-05-20T18:11:31.5539348+10:00	112	000000	1989	2175	2164	2122	false	false	false	false	false	0	false		0000	0	0	0	0	0	0
2026-05-20T18:11:31.5549759+10:00	113	000000	1989	2175	2165	2122	false	false	false	false	false	0	false		0000	0	0	0	0	0	0
2026-05-20T18:11:31.5978077+10:00	114	000000	1988	2176	2165	2122	false	false	false	false	false	0	false		0000	0	0	0	0	0	0
2026-05-20T18:11:31.6414645+10:00	115	000000	1989	2175	2165	2122	false	false	false	false	false	0	false		0000	0	0	0	0	0	0
2026-05-20T18:11:31.6854081+10:00	116	000000	1989	2176	2165	2122	false	false	false	false	false	0	false		0000	0	0	0	0	0	0
2026-05-20T18:11:31.7290295+10:00	117	000000	1989	2175	2165	2121	false	false	false	false	false	0	false		0000	0	0	0	0	0	0
2026-05-20T18:11:31.7728126+10:00	118	000000	1989	2176	2166	2122	false	false	false	false	false	0	false		0000	0	0	0	0	0	0
2026-05-20T18:11:31.8166457+10:00	119	000000	1989	2177	2164	2123	false	false	false	false	false	0	false		0000	0	0	0	0	0	0
2026-05-20T18:11:31.860301+10:00	120	000000	1990	2175	2165	2121	false	false	false	false	false	0	false		0000	0	0	0	0	0	0
2026-05-20T18:11:31.9041169+10:00	121	000000	1990	2175	2165	2122	false	false	false	false	false	0	false		0000	0	0	0	0	0	0
2026-05-20T18:11:31.9479677+10:00	122	000000	1989	2176	2165	2122	false	false	false	false	false	0	false		0000	0	0	0	0	0	0
2026-05-20T18:11:31.9913907+10:00	123	000000	1989	2176	2164	2122	false	false	false	false	false	0	false		0000	0	0	0	0	0	0
2026-05-20T18:11:32.035404+10:00	124	000000	1989	2175	2165	2123	false	false	false	false	false	0	false		0000	0	0	0	0	0	0
2026-05-20T18:11:32.0787268+10:00	125	000000	1989	2175	2165	2122	false	false	false	false	false	0	false		0000	0	0	0	0	0	0
2026-05-20T18:11:32.1228089+10:00	126	000000	1990	2176	2165	2122	false	false	false	false	false	0	false		0000	0	0	0	0	0	0
2026-05-20T18:11:32.1667051+10:00	127	000000	1989	2175	2166	2122	false	false	false	false	false	0	false		0000	0	0	0	0	0	0
2026-05-20T18:11:32.2101521+10:00	128	000000	1990	2175	2165	2122	false	false	false	false	false	0	false		0000	0	0	0	0	0	0
2026-05-20T18:11:32.2541979+10:00	129	000000	1989	2176	2165	2122	false	false	false	false	false	0	false		0000	0	0	0	0	0	0
2026-05-20T18:11:32.2978798+10:00	130	000000	1989	2176	2165	2122	false	false	false	false	false	0	false		0000	0	0	0	0	0	0
2026-05-20T18:11:32.3415522+10:00	131	000000	1989	2175	2165	2122	false	false	false	false	false	0	false		0000	0	0	0	0	0	0
2026-05-20T18:11:32.3852413+10:00	132	000000	1988	2176	2165	2123	false	false	false	false	false	0	false		0000	0	0	0	0	0	0
2026-05-20T18:11:32.4291224+10:00	133	000000	1989	2176	2165	2122	false	false	false	false	false	0	false		0000	0	0	0	0	0	0
2026-05-20T18:11:32.473045+10:00	134	000000	1989	2176	2165	2122	false	false	false	false	false	0	false		0000	0	0	0	0	0	0
2026-05-20T18:11:32.5163238+10:00	135	000000	1989	2176	2164	2123	false	false	false	false	false	0	false		0000	0	0	0	0	0	0
2026-05-20T18:11:32.560169+10:00	136	000000	1989	2176	2165	2122	false	false	false	false	false	0	false		0000	0	0	0	0	0	0
2026-05-20T18:11:32.604155+10:00	137	000000	1989	2176	2165	2122	false	false	false	false	false	0	false		0000	0	0	0	0	0	0
2026-05-20T18:11:32.6476002+10:00	138	000000	1989	2176	2165	2122	false	false	false	false	false	0	false		0000	0	0	0	0	0	0
2026-05-20T18:11:32.6913297+10:00	139	000000	1989	2176	2164	2123	false	false	false	false	false	0	false		0000	0	0	0	0	0	0
2026-05-20T18:11:32.735499+10:00	140	000000	1990	2176	2165	2123	false	false	false	false	false	0	false		0000	0	0	0	0	0	0
2026-05-20T18:11:32.7788178+10:00	141	000000	1989	2175	2166	2123	false	false	false	false	false	0	false		0000	0	0	0	0	0	0
2026-05-20T18:11:32.8226037+10:00	142	000000	1989	2176	2165	2122	false	false	false	false	false	0	false		0000	0	0	0	0	0	0
2026-05-20T18:11:32.8664435+10:00	143	000000	1990	2175	2165	2122	false	false	false	false	false	0	false		0000	0	0	0	0	0	0
2026-05-20T18:11:32.9104304+10:00	144	000000	1989	2175	2165	2123	false	false	false	false	false	0	false		0000	0	0	0	0	0	0
2026-05-20T18:11:32.9540896+10:00	145	000000	1989	2176	2165	2122	false	false	false	false	false	0	false		0000	0	0	0	0	0	0
2026-05-20T18:11:32.9979049+10:00	146	000000	1989	2176	2165	2123	false	false	false	false	false	0	false		0000	0	0	0	0	0	0
2026-05-20T18:11:33.0412842+10:00	147	000000	1989	2176	2165	2123	false	false	false	false	false	0	false		0000	0	0	0	0	0	0
2026-05-20T18:11:33.0851157+10:00	148	000000	1989	2176	2165	2122	false	false	false	false	false	0	false		0000	0	0	0	0	0	0
2026-05-20T18:11:33.1290953+10:00	149	000000	1988	2175	2165	2122	false	false	false	false	false	0	false		0000	0	0	0	0	0	0
2026-05-20T18:11:33.1728053+10:00	150	000000	1989	2176	2165	2122	false	false	false	false	false	0	false		0000	0	0	0	0	0	0
2026-05-20T18:11:33.2166738+10:00	151	000000	1989	2175	2165	2122	false	false	false	false	false	0	false		0000	0	0	0	0	0	0
2026-05-20T18:11:33.2602276+10:00	152	000000	1989	2176	2165	2123	false	false	false	false	false	0	false		0000	0	0	0	0	0	0
2026-05-20T18:11:33.3038273+10:00	153	000000	1989	2176	2165	2122	false	false	false	false	false	0	false		0000	0	0	0	0	0	0
2026-05-20T18:11:33.3479859+10:00	154	000000	1988	2176	2165	2122	false	false	false	false	false	0	false		0000	0	0	0	0	0	0
2026-05-20T18:11:33.3913257+10:00	155	000000	1989	2176	2165	2123	false	false	false	false	false	0	false		0000	0	0	0	0	0	0
2026-05-20T18:11:33.4353993+10:00	156	000000	1989	2176	2166	2123	false	false	false	false	false	0	false		0000	0	0	0	0	0	0
2026-05-20T18:11:33.4791995+10:00	157	000000	1988	2175	2165	2122	false	false	false	false	false	0	false		0000	0	0	0	0	0	0
2026-05-20T18:11:33.5230124+10:00	158	000000	1990	2176	2166	2122	false	false	false	false	false	0	false		0000	0	0	0	0	0	0
2026-05-20T18:11:33.5666219+10:00	159	000000	1989	2177	2165	2122	false	false	false	false	false	0	false		0000	0	0	0	0	0	0
2026-05-20T18:11:33.6104737+10:00	160	000000	1989	2176	2164	2122	false	false	false	false	false	0	false		0000	0	0	0	0	0	0
2026-05-20T18:11:33.6536702+10:00	161	000000	1989	2175	2164	2122	false	false	false	false	false	0	false		0000	0	0	0	0	0	0
2026-05-20T18:11:33.6975975+10:00	162	000000	1989	2175	2166	2122	false	false	false	false	false	0	false		0000	0	0	0	0	0	0
2026-05-20T18:11:33.7413011+10:00	163	000000	1989	2175	2165	2122	false	false	false	false	false	0	false		0000	0	0	0	0	0	0
2026-05-20T18:11:33.7852561+10:00	164	000000	1989	2175	2165	2123	false	false	false	false	false	0	false		0000	0	0	0	0	0	0
2026-05-20T18:11:33.8287399+10:00	165	000000	1989	2176	2164	2123	false	false	false	false	false	0	false		0000	0	0	0	0	0	0
2026-05-20T18:11:33.8731128+10:00	166	000000	1989	2175	2165	2122	false	false	false	false	false	0	false		0000	0	0	0	0	0	0
2026-05-20T18:11:33.9167994+10:00	167	000000	1989	2176	2165	2122	false	false	false	false	false	0	false		0000	0	0	0	0	0	0
2026-05-20T18:11:33.9611093+10:00	168	000000	1989	2175	2165	2122	false	false	false	false	false	0	false		0000	0	0	0	0	0	0
2026-05-20T18:11:34.0043476+10:00	169	000000	1989	2176	2165	2122	false	false	false	false	false	0	false		0000	0	0	0	0	0	0
2026-05-20T18:11:34.0059315+10:00	170	000000	1989	2175	2165	2122	false	false	false	false	false	0	false		0000	0	0	0	0	0	0
2026-05-20T18:11:34.0479574+10:00	171	000000	1989	2175	2165	2122	false	false	false	false	false	0	false		0000	0	0	0	0	0	0
2026-05-20T18:11:34.0500774+10:00	172	000000	1990	2176	2165	2123	false	false	false	false	false	0	false		0000	0	0	0	0	0	0
2026-05-20T18:11:34.0516937+10:00	173	000000	1989	2176	2165	2122	false	false	false	false	false	0	false		0000	0	0	0	0	0	0
2026-05-20T18:11:34.0919568+10:00	174	000000	1989	2176	2165	2121	false	false	false	false	false	0	false		0000	0	0	0	0	0	0
2026-05-20T18:11:34.0935497+10:00	175	000000	1989	2176	2164	2122	false	false	false	false	false	0	false		0000	0	0	0	0	0	0
2026-05-20T18:11:34.0956592+10:00	176	000000	1988	2176	2164	2122	false	false	false	false	false	0	false		0000	0	0	0	0	0	0
2026-05-20T18:11:34.1358859+10:00	177	000000	1989	2175	2164	2122	false	false	false	false	false	0	false		0000	0	0	0	0	0	0
2026-05-20T18:11:34.1370071+10:00	178	000000	1989	2176	2165	2122	false	false	false	false	false	0	false		0000	0	0	0	0	0	0
2026-05-20T18:11:34.179391+10:00	179	000000	1989	2176	2165	2122	false	false	false	false	false	0	false		0000	0	0	0	0	0	0
2026-05-20T18:11:34.1809595+10:00	180	000000	1988	2177	2166	2122	false	false	false	false	false	0	false		0000	0	0	0	0	0	0
2026-05-20T18:11:34.182082+10:00	181	000000	1989	2176	2165	2122	false	false	false	false	false	0	false		0000	0	0	0	0	0	0
2026-05-20T18:11:34.1842632+10:00	182	000000	1989	2176	2165	2122	false	false	false	false	false	0	false		0000	0	0	0	0	0	0
2026-05-20T18:11:34.2232944+10:00	183	000000	1989	2176	2165	2123	false	false	false	false	false	0	false		0000	0	0	0	0	0	0
2026-05-20T18:11:34.2254064+10:00	184	000000	1989	2176	2165	2121	false	false	false	false	false	0	false		0000	0	0	0	0	0	0
2026-05-20T18:11:34.2666206+10:00	185	000000	1989	2175	2165	2122	false	false	false	false	false	0	false		0000	0	0	0	0	0	0
2026-05-20T18:11:34.2682919+10:00	186	000000	1989	2175	2165	2122	false	false	false	false	false	0	false		0000	0	0	0	0	0	0
2026-05-20T18:11:34.2704069+10:00	187	000000	1989	2176	2164	2122	false	false	false	false	false	0	false		0000	0	0	0	0	0	0
2026-05-20T18:11:34.3106016+10:00	188	000000	1989	2176	2165	2123	false	false	false	false	false	0	false		0000	0	0	0	0	0	0
2026-05-20T18:11:34.3117102+10:00	189	000000	1989	2176	2165	2122	false	false	false	false	false	0	false		0000	0	0	0	0	0	0
2026-05-20T18:11:34.3143734+10:00	190	000000	1988	2176	2165	2122	false	false	false	false	false	0	false		0000	0	0	0	0	0	0
2026-05-20T18:11:34.3546535+10:00	191	000000	1989	2175	2165	2122	false	false	false	false	false	0	false		0000	0	0	0	0	0	0
2026-05-20T18:11:34.3557081+10:00	192	000000	1989	2176	2165	2122	false	false	false	false	false	0	false		0000	0	0	0	0	0	0
2026-05-20T18:11:34.3979895+10:00	193	000000	1989	2176	2165	2123	false	false	false	false	false	0	false		0000	0	0	0	0	0	0
2026-05-20T18:11:34.4415337+10:00	194	000000	1990	2176	2165	2122	false	false	false	false	false	0	false		0000	0	0	0	0	0	0
2026-05-20T18:11:34.4850805+10:00	195	000000	1989	2176	2165	2121	false	false	false	false	false	0	false		0000	0	0	0	0	0	0
2026-05-20T18:11:34.5289264+10:00	196	000000	1989	2176	2165	2122	false	false	false	false	false	0	false		0000	0	0	0	0	0	0
2026-05-20T18:11:34.5299788+10:00	197	000000	1989	2175	2165	2122	false	false	false	false	false	0	false		0000	0	0	0	0	0	0
2026-05-20T18:11:34.5727229+10:00	198	000000	1990	2176	2165	2122	false	false	false	false	false	0	false		0000	0	0	0	0	0	0
2026-05-20T18:11:34.6166982+10:00	199	000000	1989	2175	2164	2122	false	false	false	false	false	0	false		0000	0	0	0	0	0	0
2026-05-20T18:11:34.6601533+10:00	200	000000	1989	2175	2164	2122	false	false	false	false	false	0	false		0000	0	0	0	0	0	0
2026-05-20T18:11:34.7037911+10:00	201	000000	1989	2176	2165	2122	false	false	false	false	false	0	false		0000	0	0	0	0	0	0
2026-05-20T18:11:34.7477818+10:00	202	000000	1989	2175	2165	2122	false	false	false	false	false	0	false		0000	0	0	0	0	0	0
2026-05-20T18:11:34.7913695+10:00	203	000000	1989	2174	2165	2123	false	false	false	false	false	0	false		0000	0	0	0	0	0	0
2026-05-20T18:11:34.8352619+10:00	204	000000	1989	2176	2165	2122	false	false	false	false	false	0	false		0000	0	0	0	0	0	0
2026-05-20T18:11:34.8790245+10:00	205	000000	1990	2175	2165	2122	false	false	false	false	false	0	false		0000	0	0	0	0	0	0
2026-05-20T18:11:34.9226064+10:00	206	000000	1989	2176	2165	2122	false	false	false	false	false	0	false		0000	0	0	0	0	0	0
2026-05-20T18:11:34.9663791+10:00	207	000000	1989	2176	2165	2123	false	false	false	false	false	0	false		0000	0	0	0	0	0	0
2026-05-20T18:11:35.0104428+10:00	208	000000	1989	2176	2165	2121	false	false	false	false	false	0	false		0000	0	0	0	0	0	0
2026-05-20T18:11:35.0541524+10:00	209	000000	1989	2176	2165	2122	false	false	false	false	false	0	false		0000	0	0	0	0	0	0
2026-05-20T18:11:35.0980543+10:00	210	000000	1989	2176	2165	2123	false	false	false	false	false	0	false		0000	0	0	0	0	0	0
2026-05-20T18:11:35.1413012+10:00	211	000000	1989	2175	2165	2123	false	false	false	false	false	0	false		0000	0	0	0	0	0	0
2026-05-20T18:11:35.1855173+10:00	212	000000	1988	2176	2165	2122	false	false	false	false	false	0	false		0000	0	0	0	0	0	0
2026-05-20T18:11:35.2287834+10:00	213	000000	1989	2176	2165	2122	false	false	false	false	false	0	false		0000	0	0	0	0	0	0
2026-05-20T18:11:35.2730264+10:00	214	000000	1989	2176	2165	2122	false	false	false	false	false	0	false		0000	0	0	0	0	0	0
2026-05-20T18:11:35.3166055+10:00	215	000000	1989	2176	2165	2123	false	false	false	false	false	0	false		0000	0	0	0	0	0	0
2026-05-20T18:11:35.3602845+10:00	216	000000	1989	2176	2165	2123	false	false	false	false	false	0	false		0000	0	0	0	0	0	0
2026-05-20T18:11:35.4035647+10:00	217	000000	1988	2175	2165	2122	false	false	false	false	false	0	false		0000	0	0	0	0	0	0
2026-05-20T18:11:35.4479619+10:00	218	000000	1988	2176	2165	2122	false	false	false	false	false	0	false		0000	0	0	0	0	0	0
2026-05-20T18:11:35.4914903+10:00	219	000000	1988	2176	2165	2122	false	false	false	false	false	0	false		0000	0	0	0	0	0	0
2026-05-20T18:11:35.5353555+10:00	220	000000	1989	2176	2165	2122	false	false	false	false	false	0	false		0000	0	0	0	0	0	0
2026-05-20T18:11:35.5790773+10:00	221	000000	1989	2176	2165	2122	false	false	false	false	false	0	false		0000	0	0	0	0	0	0
2026-05-20T18:11:35.5801329+10:00	222	000000	1989	2176	2165	2122	false	false	false	false	false	0	false		0000	0	0	0	0	0	0
2026-05-20T18:11:35.6229041+10:00	223	000000	1989	2176	2165	2123	false	false	false	false	false	0	false		0000	0	0	0	0	0	0
2026-05-20T18:11:35.666369+10:00	224	000000	1989	2175	2165	2122	false	false	false	false	false	0	false		0000	0	0	0	0	0	0
2026-05-20T18:11:35.7107171+10:00	225	000000	1990	2176	2165	2122	false	false	false	false	false	0	false		0000	0	0	0	0	0	0
2026-05-20T18:11:35.754408+10:00	226	000000	1989	2176	2165	2123	false	false	false	false	false	0	false		0000	0	0	0	0	0	0
2026-05-20T18:11:35.7975522+10:00	227	000000	1989	2176	2165	2123	false	false	false	false	false	0	false		0000	0	0	0	0	0	0
2026-05-20T18:11:35.8419347+10:00	228	000000	1989	2176	2165	2122	false	false	false	false	false	0	false		0000	0	0	0	0	0	0
2026-05-20T18:11:35.8851618+10:00	229	000000	1989	2176	2165	2122	false	false	false	false	false	0	false		0000	0	0	0	0	0	0
2026-05-20T18:11:35.9294553+10:00	230	000000	1988	2176	2165	2122	false	false	false	false	false	0	false		0000	0	0	0	0	0	0
2026-05-20T18:11:35.9305079+10:00	231	000000	1990	2175	2165	2121	false	false	false	false	false	0	false		0000	0	0	0	0	0	0
2026-05-20T18:11:35.9320784+10:00	232	000000	1990	2175	2165	2121	false	false	false	false	false	0	false		0000	0	0	0	0	0	0
2026-05-20T18:11:35.9342724+10:00	233	000000	1989	2176	2165	2123	false	false	false	false	false	0	false		0000	0	0	0	0	0	0
2026-05-20T18:11:35.9730255+10:00	234	000000	1990	2176	2165	2122	false	false	false	false	false	0	false		0000	0	0	0	0	0	0
2026-05-20T18:11:35.9751747+10:00	235	000000	1990	2175	2165	2121	false	false	false	false	false	0	false		0000	0	0	0	0	0	0
2026-05-20T18:11:36.0168142+10:00	236	000000	1988	2176	2165	2123	false	false	false	false	false	0	false		0000	0	0	0	0	0	0
2026-05-20T18:11:36.0183922+10:00	237	000000	1989	2175	2166	2122	false	false	false	false	false	0	false		0000	0	0	0	0	0	0
2026-05-20T18:11:36.0205311+10:00	238	000000	1988	2176	2165	2122	false	false	false	false	false	0	false		0000	0	0	0	0	0	0
2026-05-20T18:11:36.0604805+10:00	239	000000	1990	2176	2165	2122	false	false	false	false	false	0	false		0000	0	0	0	0	0	0
2026-05-20T18:11:36.0621276+10:00	240	000000	1990	2176	2165	2123	false	false	false	false	false	0	false		0000	0	0	0	0	0	0
2026-05-20T18:11:36.1041842+10:00	241	000000	1989	2176	2165	2123	false	false	false	false	false	0	false		0000	0	0	0	0	0	0
2026-05-20T18:11:36.105819+10:00	242	000000	1989	2176	2165	2122	false	false	false	false	false	0	false		0000	0	0	0	0	0	0
2026-05-20T18:11:36.1068553+10:00	243	000000	1989	2176	2165	2123	false	false	false	false	false	0	false		0000	0	0	0	0	0	0
2026-05-20T18:11:36.1481284+10:00	244	000000	1989	2176	2165	2123	false	false	false	false	false	0	false		0000	0	0	0	0	0	0
2026-05-20T18:11:36.1919175+10:00	245	000000	1989	2176	2165	2122	false	false	false	false	false	0	false		0000	0	0	0	0	0	0
2026-05-20T18:11:36.2353883+10:00	246	000000	1989	2175	2165	2122	false	false	false	false	false	0	false		0000	0	0	0	0	0	0
2026-05-20T18:11:36.2789962+10:00	247	000000	1989	2175	2165	2122	false	false	false	false	false	0	false		0000	0	0	0	0	0	0
2026-05-20T18:11:36.3225877+10:00	248	000000	1989	2175	2165	2123	false	false	false	false	false	0	false		0000	0	0	0	0	0	0
2026-05-20T18:11:36.3665615+10:00	249	000000	1989	2175	2165	2122	false	false	false	false	false	0	false		0000	0	0	0	0	0	0
2026-05-20T18:11:36.4095927+10:00	250	000000	1989	2175	2165	2122	false	false	false	false	false	0	false		0000	0	0	0	0	0	0
2026-05-20T18:11:36.4538972+10:00	251	000000	1989	2176	2165	2123	false	false	false	false	false	0	false		0000	0	0	0	0	0	0
2026-05-20T18:11:36.498153+10:00	252	000000	1989	2176	2165	2122	false	false	false	false	false	0	false		0000	0	0	0	0	0	0
2026-05-20T18:11:36.54131+10:00	253	000000	1989	2176	2165	2122	false	false	false	false	false	0	false		0000	0	0	0	0	0	0
2026-05-20T18:11:36.5434134+10:00	254	000000	1989	2175	2165	2122	false	false	false	false	false	0	false		0000	0	0	0	0	0	0
2026-05-20T18:11:36.5855857+10:00	255	000000	1989	2176	2166	2124	false	false	false	false	false	0	false		0000	0	0	0	0	0	0
2026-05-20T18:11:36.5866412+10:00	0	000000	1989	2175	2166	2122	false	false	false	false	false	0	false		0000	0	0	0	0	0	0
2026-05-20T18:11:36.5894911+10:00	1	000000	1988	2176	2165	2122	false	false	false	false	false	0	false		0000	0	0	0	0	0	0
2026-05-20T18:11:36.6295745+10:00	2	000000	1989	2176	2166	2122	false	false	false	false	false	0	false		0000	0	0	0	0	0	0
2026-05-20T18:11:36.6306265+10:00	3	000000	1989	2176	2165	2122	false	false	false	false	false	0	false		0000	0	0	0	0	0	0
2026-05-20T18:11:36.6322291+10:00	4	000000	1989	2175	2164	2122	false	false	false	false	false	0	false		0000	0	0	0	0	0	0
2026-05-20T18:11:36.6731871+10:00	5	000000	1989	2175	2166	2122	false	false	false	false	false	0	false		0000	0	0	0	0	0	0
2026-05-20T18:11:36.6742337+10:00	6	000000	1990	2175	2165	2123	false	false	false	false	false	0	false		0000	0	0	0	0	0	0
2026-05-20T18:11:36.6758117+10:00	7	000000	1989	2175	2165	2123	false	false	false	false	false	0	false		0000	0	0	0	0	0	0
2026-05-20T18:11:36.6773798+10:00	8	000000	1988	2177	2164	2122	false	false	false	false	false	0	false		0000	0	0	0	0	0	0
2026-05-20T18:11:36.7166024+10:00	9	000000	1989	2176	2165	2121	false	false	false	false	false	0	false		0000	0	0	0	0	0	0
2026-05-20T18:11:36.7182395+10:00	10	000000	1989	2175	2165	2121	false	false	false	false	false	0	false		0000	0	0	0	0	0	0
2026-05-20T18:11:36.760538+10:00	11	000000	1989	2175	2165	2122	false	false	false	false	false	0	false		0000	0	0	0	0	0	0
2026-05-20T18:11:36.7621146+10:00	12	000000	1990	2175	2165	2122	false	false	false	false	false	0	false		0000	0	0	0	0	0	0
2026-05-20T18:11:36.8041576+10:00	13	000000	1989	2175	2165	2122	false	false	false	false	false	0	false		0000	0	0	0	0	0	0
2026-05-20T18:11:36.8055874+10:00	14	000000	1989	2175	2164	2122	false	false	false	false	false	0	false		0000	0	0	0	0	0	0
2026-05-20T18:11:36.8072303+10:00	15	000000	1989	2176	2165	2122	false	false	false	false	false	0	false		0000	0	0	0	0	0	0
2026-05-20T18:11:36.847727+10:00	16	000000	1989	2176	2165	2123	false	false	false	false	false	0	false		0000	0	0	0	0	0	0
2026-05-20T18:11:36.8913589+10:00	17	000000	1989	2176	2165	2123	false	false	false	false	false	0	false		0000	0	0	0	0	0	0
2026-05-20T18:11:36.9351208+10:00	18	000000	1988	2175	2166	2122	false	false	false	false	false	0	false		0000	0	0	0	0	0	0
2026-05-20T18:11:36.9791959+10:00	19	000000	1988	2176	2165	2122	false	false	false	false	false	0	false		0000	0	0	0	0	0	0
2026-05-20T18:11:37.022866+10:00	20	000000	1990	2175	2165	2122	false	false	false	false	false	0	false		0000	0	0	0	0	0	0
2026-05-20T18:11:37.0666209+10:00	21	000000	1989	2176	2165	2122	false	false	false	false	false	0	false		0000	0	0	0	0	0	0
2026-05-20T18:11:37.1102919+10:00	22	000000	1990	2176	2166	2122	false	false	false	false	false	0	false		0000	0	0	0	0	0	0
2026-05-20T18:11:37.1541678+10:00	23	000000	1988	2176	2166	2122	false	false	false	false	false	0	false		0000	0	0	0	0	0	0
2026-05-20T18:11:37.1983988+10:00	24	000000	1989	2175	2165	2122	false	false	false	false	false	0	false		0000	0	0	0	0	0	0
2026-05-20T18:11:37.2417507+10:00	25	000000	1989	2176	2165	2122	false	false	false	false	false	0	false		0000	0	0	0	0	0	0
2026-05-20T18:11:37.2855349+10:00	26	000000	1990	2176	2165	2123	false	false	false	false	false	0	false		0000	0	0	0	0	0	0
2026-05-20T18:11:37.2871264+10:00	27	000000	1989	2176	2165	2123	false	false	false	false	false	0	false		0000	0	0	0	0	0	0
2026-05-20T18:11:37.3294234+10:00	28	000000	1989	2175	2165	2121	false	false	false	false	false	0	false		0000	0	0	0	0	0	0
2026-05-20T18:11:37.3305019+10:00	29	000000	1989	2175	2166	2122	false	false	false	false	false	0	false		0000	0	0	0	0	0	0
2026-05-20T18:11:37.3321058+10:00	30	000000	1989	2176	2165	2122	false	false	false	false	false	0	false		0000	0	0	0	0	0	0
2026-05-20T18:11:37.3729108+10:00	31	000000	1990	2176	2165	2122	false	false	false	false	false	0	false		0000	0	0	0	0	0	0
2026-05-20T18:11:37.3755279+10:00	32	000000	1989	2176	2164	2122	false	false	false	false	false	0	false		0000	0	0	0	0	0	0
2026-05-20T18:11:37.3765973+10:00	33	000000	1989	2176	2164	2122	false	false	false	false	false	0	false		0000	0	0	0	0	0	0
2026-05-20T18:11:37.4170824+10:00	34	000000	1989	2176	2165	2122	false	false	false	false	false	0	false		0000	0	0	0	0	0	0
2026-05-20T18:11:37.4181674+10:00	35	000000	1988	2177	2165	2123	false	false	false	false	false	0	false		0000	0	0	0	0	0	0
2026-05-20T18:11:37.4203187+10:00	36	000000	1989	2176	2165	2122	false	false	false	false	false	0	false		0000	0	0	0	0	0	0
2026-05-20T18:11:37.4603573+10:00	37	000000	1988	2175	2165	2122	false	false	false	false	false	0	false		0000	0	0	0	0	0	0
2026-05-20T18:11:37.4619907+10:00	38	000000	1989	2176	2165	2123	false	false	false	false	false	0	false		0000	0	0	0	0	0	0
2026-05-20T18:11:37.5042742+10:00	39	000000	1989	2175	2165	2123	false	false	false	false	false	0	false		0000	0	0	0	0	0	0
2026-05-20T18:11:37.5058616+10:00	40	000000	1988	2176	2165	2122	false	false	false	false	false	0	false		0000	0	0	0	0	0	0
2026-05-20T18:11:37.5069659+10:00	41	000000	1989	2175	2165	2122	false	false	false	false	false	0	false		0000	0	0	0	0	0	0
2026-05-20T18:11:37.5096297+10:00	42	000000	1989	2176	2165	2122	false	false	false	false	false	0	false		0000	0	0	0	0	0	0
2026-05-20T18:11:37.5479915+10:00	43	000000	1989	2176	2165	2122	false	false	false	false	false	0	false		0000	0	0	0	0	0	0
2026-05-20T18:11:37.5485338+10:00	44	000000	1989	2175	2165	2122	false	false	false	false	false	0	false		0000	0	0	0	0	0	0
2026-05-20T18:11:37.5501196+10:00	45	000000	1989	2175	2165	2122	false	false	false	false	false	0	false		0000	0	0	0	0	0	0
2026-05-20T18:11:37.5916547+10:00	46	000000	1989	2176	2165	2122	false	false	false	false	false	0	false		0000	0	0	0	0	0	0
2026-05-20T18:11:37.5921763+10:00	47	000000	1989	2176	2165	2122	false	false	false	false	false	0	false		0000	0	0	0	0	0	0
2026-05-20T18:11:37.6356846+10:00	48	000000	1989	2176	2165	2122	false	false	false	false	false	0	false		0000	0	0	0	0	0	0
2026-05-20T18:11:37.6789916+10:00	49	000000	1989	2176	2165	2121	false	false	false	false	false	0	false		0000	0	0	0	0	0	0
2026-05-20T18:11:37.7226803+10:00	50	000000	1989	2176	2165	2122	false	false	false	false	false	0	false		0000	0	0	0	0	0	0
2026-05-20T18:11:37.76701+10:00	51	000000	1989	2176	2165	2122	false	false	false	false	false	0	false		0000	0	0	0	0	0	0
2026-05-20T18:11:37.8105946+10:00	52	000000	1989	2175	2165	2122	false	false	false	false	false	0	false		0000	0	0	0	0	0	0
2026-05-20T18:11:37.8121121+10:00	53	000000	1989	2176	2165	2123	false	false	false	false	false	0	false		0000	0	0	0	0	0	0
2026-05-20T18:11:37.8540958+10:00	54	000000	1988	2175	2164	2122	false	false	false	false	false	0	false		0000	0	0	0	0	0	0
2026-05-20T18:11:37.8556738+10:00	55	000000	1988	2175	2164	2122	false	false	false	false	false	0	false		0000	0	0	0	0	0	0
2026-05-20T18:11:37.8573714+10:00	56	000000	1989	2176	2165	2122	false	false	false	false	false	0	false		0000	0	0	0	0	0	0
2026-05-20T18:11:37.8978525+10:00	57	000000	1989	2176	2165	2123	false	false	false	false	false	0	false		0000	0	0	0	0	0	0
2026-05-20T18:11:37.9417615+10:00	58	000000	1989	2176	2165	2122	false	false	false	false	false	0	false		0000	0	0	0	0	0	0
2026-05-20T18:11:37.9433404+10:00	59	000000	1989	2175	2165	2122	false	false	false	false	false	0	false		0000	0	0	0	0	0	0
2026-05-20T18:11:37.9454709+10:00	60	000000	1989	2176	2165	2122	false	false	false	false	false	0	false		0000	0	0	0	0	0	0
2026-05-20T18:11:37.9470452+10:00	61	000000	1989	2175	2165	2123	false	false	false	false	false	0	false		0000	0	0	0	0	0	0
2026-05-20T18:11:37.9855485+10:00	62	000000	1989	2175	2165	2122	false	false	false	false	false	0	false		0000	0	0	0	0	0	0
2026-05-20T18:11:37.9871387+10:00	63	000000	1988	2176	2165	2122	false	false	false	false	false	0	false		0000	0	0	0	0	0	0
2026-05-20T18:11:38.0293137+10:00	64	000000	1989	2176	2165	2122	false	false	false	false	false	0	false		0000	0	0	0	0	0	0
2026-05-20T18:11:38.0309039+10:00	65	000000	1989	2176	2165	2122	false	false	false	false	false	0	false		0000	0	0	0	0	0	0
2026-05-20T18:11:38.031953+10:00	66	000000	1989	2176	2165	2122	false	false	false	false	false	0	false		0000	0	0	0	0	0	0
2026-05-20T18:11:38.0731071+10:00	67	000000	1989	2176	2165	2122	false	false	false	false	false	0	false		0000	0	0	0	0	0	0
2026-05-20T18:11:38.0741712+10:00	68	000000	1989	2176	2165	2122	false	false	false	false	false	0	false		0000	0	0	0	0	0	0
2026-05-20T18:11:38.116375+10:00	69	000000	1989	2176	2165	2123	false	false	false	false	false	0	false		0000	0	0	0	0	0	0
2026-05-20T18:11:38.1604428+10:00	70	000000	1989	2176	2164	2122	false	false	false	false	false	0	false		0000	0	0	0	0	0	0
2026-05-20T18:11:38.2039439+10:00	71	000000	1990	2176	2165	2122	false	false	false	false	false	0	false		0000	0	0	0	0	0	0
2026-05-20T18:11:38.2476571+10:00	72	000000	1990	2175	2164	2122	false	false	false	false	false	0	false		0000	0	0	0	0	0	0
2026-05-20T18:11:38.2918396+10:00	73	000000	1989	2176	2165	2123	false	false	false	false	false	0	false		0000	0	0	0	0	0	0
2026-05-20T18:11:38.3354973+10:00	74	000000	1989	2176	2165	2121	false	false	false	false	false	0	false		0000	0	0	0	0	0	0
2026-05-20T18:11:38.3791942+10:00	75	000000	1989	2176	2164	2122	false	false	false	false	false	0	false		0000	0	0	0	0	0	0
2026-05-20T18:11:38.4229532+10:00	76	000000	1990	2176	2165	2122	false	false	false	false	false	0	false		0000	0	0	0	0	0	0
2026-05-20T18:11:38.4664065+10:00	77	000000	1989	2175	2165	2122	false	false	false	false	false	0	false		0000	0	0	0	0	0	0
2026-05-20T18:11:38.51012+10:00	78	000000	1988	2176	2165	2122	false	false	false	false	false	0	false		0000	0	0	0	0	0	0
2026-05-20T18:11:38.5539507+10:00	79	000000	1989	2176	2165	2122	false	false	false	false	false	0	false		0000	0	0	0	0	0	0
2026-05-20T18:11:38.554999+10:00	80	000000	1989	2176	2165	2123	false	false	false	false	false	0	false		0000	0	0	0	0	0	0
2026-05-20T18:11:38.5978238+10:00	81	000000	1989	2176	2165	2122	false	false	false	false	false	0	false		0000	0	0	0	0	0	0
2026-05-20T18:11:38.6413915+10:00	82	000000	1989	2176	2164	2122	false	false	false	false	false	0	false		0000	0	0	0	0	0	0
2026-05-20T18:11:38.6854211+10:00	83	000000	1990	2176	2166	2121	false	false	false	false	false	0	false		0000	0	0	0	0	0	0
2026-05-20T18:11:38.7290836+10:00	84	000000	1989	2176	2166	2122	false	false	false	false	false	0	false		0000	0	0	0	0	0	0
2026-05-20T18:11:38.7728699+10:00	85	000000	1989	2176	2165	2122	false	false	false	false	false	0	false		0000	0	0	0	0	0	0
2026-05-20T18:11:38.8167179+10:00	86	000000	1989	2175	2165	2123	false	false	false	false	false	0	false		0000	0	0	0	0	0	0
2026-05-20T18:11:38.8602478+10:00	87	000000	1989	2177	2165	2122	false	false	false	false	false	0	false		0000	0	0	0	0	0	0
2026-05-20T18:11:38.9041668+10:00	88	000000	1989	2177	2165	2122	false	false	false	false	false	0	false		0000	0	0	0	0	0	0
2026-05-20T18:11:38.9914675+10:00	89	000000	1989	2175	2165	2123	false	false	false	false	false	0	false		0000	0	0	0	0	0	0
2026-05-20T18:11:38.9926352+10:00	90	000000	1989	2176	2165	2123	false	false	false	false	false	0	false		0000	0	0	0	0	0	0
2026-05-20T18:11:39.0352189+10:00	91	000000	1989	2176	2166	2122	false	false	false	false	false	0	false		0000	0	0	0	0	0	0
2026-05-20T18:11:39.0790723+10:00	92	000000	1988	2175	2165	2122	false	false	false	false	false	0	false		0000	0	0	0	0	0	0
2026-05-20T18:11:39.1231833+10:00	93	000000	1989	2176	2165	2122	false	false	false	false	false	0	false		0000	0	0	0	0	0	0
2026-05-20T18:11:39.1664558+10:00	94	000000	1989	2176	2166	2122	false	false	false	false	false	0	false		0000	0	0	0	0	0	0
2026-05-20T18:11:39.2106877+10:00	95	000000	1988	2176	2166	2122	false	false	false	false	false	0	false		0000	0	0	0	0	0	0
2026-05-20T18:11:39.2538977+10:00	96	000000	1989	2176	2166	2122	false	false	false	false	false	0	false		0000	0	0	0	0	0	0
2026-05-20T18:11:39.2976427+10:00	97	000000	1989	2175	2166	2122	false	false	false	false	false	0	false		0000	0	0	0	0	0	0
2026-05-20T18:11:39.3418025+10:00	98	000000	1988	2175	2165	2122	false	false	false	false	false	0	false		0000	0	0	0	0	0	0
2026-05-20T18:11:39.385317+10:00	99	000000	1988	2176	2165	2123	false	false	false	false	false	0	false		0000	0	0	0	0	0	0
2026-05-20T18:11:39.4290799+10:00	100	000000	1989	2176	2165	2123	false	false	false	false	false	0	false		0000	0	0	0	0	0	0
2026-05-20T18:11:39.4728275+10:00	101	000000	1989	2176	2165	2122	false	false	false	false	false	0	false		0000	0	0	0	0	0	0
2026-05-20T18:11:39.5166293+10:00	102	000000	1989	2175	2165	2122	false	false	false	false	false	0	false		0000	0	0	0	0	0	0
2026-05-20T18:11:39.5601253+10:00	103	000000	1989	2176	2165	2121	false	false	false	false	false	0	false		0000	0	0	0	0	0	0
2026-05-20T18:11:39.6039977+10:00	104	000000	1989	2175	2165	2122	false	false	false	false	false	0	false		0000	0	0	0	0	0	0
2026-05-20T18:11:39.6479963+10:00	105	000000	1988	2176	2165	2122	false	false	false	false	false	0	false		0000	0	0	0	0	0	0
2026-05-20T18:11:39.6913313+10:00	106	000000	1989	2175	2165	2123	false	false	false	false	false	0	false		0000	0	0	0	0	0	0
2026-05-20T18:11:39.7354795+10:00	107	000000	1989	2176	2165	2123	false	false	false	false	false	0	false		0000	0	0	0	0	0	0
2026-05-20T18:11:39.7789953+10:00	108	000000	1989	2176	2165	2122	false	false	false	false	false	0	false		0000	0	0	0	0	0	0
2026-05-20T18:11:39.8226165+10:00	109	000000	1988	2176	2165	2122	false	false	false	false	false	0	false		0000	0	0	0	0	0	0
2026-05-20T18:11:39.8664654+10:00	110	000000	1988	2176	2165	2122	false	false	false	false	false	0	false		0000	0	0	0	0	0	0
2026-05-20T18:11:39.9103547+10:00	111	000000	1989	2175	2166	2122	false	false	false	false	false	0	false		0000	0	0	0	0	0	0
2026-05-20T18:11:39.9538816+10:00	112	000000	1989	2176	2165	2122	false	false	false	false	false	0	false		0000	0	0	0	0	0	0
2026-05-20T18:11:39.9978133+10:00	113	000000	1989	2176	2165	2122	false	false	false	false	false	0	false		0000	0	0	0	0	0	0
2026-05-20T18:11:40.0414293+10:00	114	000000	1989	2177	2165	2123	false	false	false	false	false	0	false		0000	0	0	0	0	0	0
2026-05-20T18:11:40.0850794+10:00	115	000000	1988	2176	2165	2122	false	false	false	false	false	0	false		0000	0	0	0	0	0	0
2026-05-20T18:11:40.1292325+10:00	116	000000	1988	2175	2164	2122	false	false	false	false	false	0	false		0000	0	0	0	0	0	0
2026-05-20T18:11:40.173076+10:00	117	000000	1989	2176	2165	2123	false	false	false	false	false	0	false		0000	0	0	0	0	0	0
2026-05-20T18:11:40.2164113+10:00	118	000000	1988	2175	2165	2122	false	false	false	false	false	0	false		0000	0	0	0	0	0	0
2026-05-20T18:11:40.2603824+10:00	119	000000	1989	2176	2165	2123	false	false	false	false	false	0	false		0000	0	0	0	0	0	0
2026-05-20T18:11:40.3042479+10:00	120	000000	1990	2176	2165	2123	false	false	false	false	false	0	false		0000	0	0	0	0	0	0
2026-05-20T18:11:40.3478584+10:00	121	000000	1989	2176	2165	2122	false	false	false	false	false	0	false		0000	0	0	0	0	0	0
2026-05-20T18:11:40.3916868+10:00	122	000000	1989	2176	2165	2122	false	false	false	false	false	0	false		0000	0	0	0	0	0	0
2026-05-20T18:11:40.4354513+10:00	123	000000	1989	2175	2165	2121	false	false	false	false	false	0	false		0000	0	0	0	0	0	0
2026-05-20T18:11:40.4792778+10:00	124	000000	1988	2175	2165	2122	false	false	false	false	false	0	false		0000	0	0	0	0	0	0
2026-05-20T18:11:40.5229297+10:00	125	000000	1990	2176	2166	2123	false	false	false	false	false	0	false		0000	0	0	0	0	0	0
2026-05-20T18:11:40.5239789+10:00	126	000000	1989	2175	2164	2122	false	false	false	false	false	0	false		0000	0	0	0	0	0	0
2026-05-20T18:11:40.5665984+10:00	127	000000	1989	2175	2165	2124	false	false	false	false	false	0	false		0000	0	0	0	0	0	0
2026-05-20T18:11:40.6104058+10:00	128	000000	1989	2176	2165	2123	false	false	false	false	false	0	false		0000	0	0	0	0	0	0
2026-05-20T18:11:40.6542971+10:00	129	000000	1988	2175	2165	2122	false	false	false	false	false	0	false		0000	0	0	0	0	0	0
2026-05-20T18:11:40.6978239+10:00	130	000000	1989	2176	2164	2122	false	false	false	false	false	0	false		0000	0	0	0	0	0	0
2026-05-20T18:11:40.7413746+10:00	131	000000	1989	2176	2164	2122	false	false	false	false	false	0	false		0000	0	0	0	0	0	0
2026-05-20T18:11:40.7857193+10:00	132	000000	1989	2176	2165	2122	false	false	false	false	false	0	false		0000	0	0	0	0	0	0
2026-05-20T18:11:40.8292879+10:00	133	000000	1988	2175	2165	2122	false	false	false	false	false	0	false		0000	0	0	0	0	0	0
2026-05-20T18:11:40.8729521+10:00	134	000000	1989	2175	2165	2121	false	false	false	false	false	0	false		0000	0	0	0	0	0	0
2026-05-20T18:11:40.9166179+10:00	135	000000	1989	2176	2165	2122	false	false	false	false	false	0	false		0000	0	0	0	0	0	0
2026-05-20T18:11:40.9605001+10:00	136	000000	1989	2176	2165	2122	false	false	false	false	false	0	false		0000	0	0	0	0	0	0
2026-05-20T18:11:41.0041402+10:00	137	000000	1988	2176	2165	2122	false	false	false	false	false	0	false		0000	0	0	0	0	0	0
2026-05-20T18:11:41.0477925+10:00	138	000000	1989	2176	2165	2122	false	false	false	false	false	0	false		0000	0	0	0	0	0	0
2026-05-20T18:11:41.0917772+10:00	139	000000	1989	2176	2166	2123	false	false	false	false	false	0	false		0000	0	0	0	0	0	0
2026-05-20T18:11:41.1351758+10:00	140	000000	1989	2175	2165	2123	false	false	false	false	false	0	false		0000	0	0	0	0	0	0
2026-05-20T18:11:41.1790259+10:00	141	000000	1989	2176	2165	2123	false	false	false	false	false	0	false		0000	0	0	0	0	0	0
2026-05-20T18:11:41.2229862+10:00	142	000000	1989	2175	2165	2123	false	false	false	false	false	0	false		0000	0	0	0	0	0	0
2026-05-20T18:11:41.2664965+10:00	143	000000	1989	2175	2165	2122	false	false	false	false	false	0	false		0000	0	0	0	0	0	0
2026-05-20T18:11:41.3107109+10:00	144	000000	1989	2176	2165	2123	false	false	false	false	false	0	false		0000	0	0	0	0	0	0
2026-05-20T18:11:41.353902+10:00	145	000000	1989	2176	2165	2122	false	false	false	false	false	0	false		0000	0	0	0	0	0	0
2026-05-20T18:11:41.3978305+10:00	146	000000	1988	2176	2165	2123	false	false	false	false	false	0	false		0000	0	0	0	0	0	0
2026-05-20T18:11:41.441647+10:00	147	000000	1989	2176	2165	2122	false	false	false	false	false	0	false		0000	0	0	0	0	0	0
2026-05-20T18:11:41.4854403+10:00	148	000000	1989	2175	2165	2123	false	false	false	false	false	0	false		0000	0	0	0	0	0	0
2026-05-20T18:11:41.5286116+10:00	149	000000	1989	2176	2165	2123	false	false	false	false	false	0	false		0000	0	0	0	0	0	0
2026-05-20T18:11:41.5301192+10:00	150	000000	1990	2175	2165	2123	false	false	false	false	false	0	false		0000	0	0	0	0	0	0
2026-05-20T18:11:41.5728893+10:00	151	000000	1990	2175	2165	2122	false	false	false	false	false	0	false		0000	0	0	0	0	0	0
2026-05-20T18:11:41.6164924+10:00	152	000000	1989	2175	2165	2122	false	false	false	false	false	0	false		0000	0	0	0	0	0	0
2026-05-20T18:11:41.6608013+10:00	153	000000	1988	2176	2165	2122	false	false	false	false	false	0	false		0000	0	0	0	0	0	0
2026-05-20T18:11:41.704006+10:00	154	000000	1989	2176	2165	2122	false	false	false	false	false	0	false		0000	0	0	0	0	0	0
2026-05-20T18:11:41.7479654+10:00	155	000000	1990	2176	2165	2122	false	false	false	false	false	0	false		0000	0	0	0	0	0	0
2026-05-20T18:11:41.7918519+10:00	156	000000	1989	2175	2165	2122	false	false	false	false	false	0	false		0000	0	0	0	0	0	0
2026-05-20T18:11:41.8353529+10:00	157	000000	1990	2176	2164	2122	false	false	false	false	false	0	false		0000	0	0	0	0	0	0
2026-05-20T18:11:41.8791124+10:00	158	000000	1989	2175	2165	2122	false	false	false	false	false	0	false		0000	0	0	0	0	0	0
2026-05-20T18:11:41.9226482+10:00	159	000000	1989	2175	2165	2122	false	false	false	false	false	0	false		0000	0	0	0	0	0	0
2026-05-20T18:11:41.9664437+10:00	160	000000	1989	2175	2165	2121	false	false	false	false	false	0	false		0000	0	0	0	0	0	0
2026-05-20T18:11:42.0103082+10:00	161	000000	1989	2176	2166	2123	false	false	false	false	false	0	false		0000	0	0	0	0	0	0
2026-05-20T18:11:42.0539254+10:00	162	000000	1989	2175	2164	2122	false	false	false	false	false	0	false		0000	0	0	0	0	0	0
2026-05-20T18:11:42.0979069+10:00	163	000000	1989	2176	2165	2123	false	false	false	false	false	0	false		0000	0	0	0	0	0	0
2026-05-20T18:11:42.1417341+10:00	164	000000	1989	2175	2165	2123	false	false	false	false	false	0	false		0000	0	0	0	0	0	0
2026-05-20T18:11:42.1855585+10:00	165	000000	1989	2175	2165	2123	false	false	false	false	false	0	false		0000	0	0	0	0	0	0
2026-05-20T18:11:42.2290983+10:00	166	000000	1989	2175	2165	2122	false	false	false	false	false	0	false		0000	0	0	0	0	0	0
2026-05-20T18:11:42.2727199+10:00	167	000000	1990	2175	2164	2122	false	false	false	false	false	0	false		0000	0	0	0	0	0	0
2026-05-20T18:11:42.3168512+10:00	168	000000	1989	2176	2165	2122	false	false	false	false	false	0	false		0000	0	0	0	0	0	0
2026-05-20T18:11:42.360514+10:00	169	000000	1989	2176	2165	2122	false	false	false	false	false	0	false		0000	0	0	0	0	0	0
2026-05-20T18:11:42.4042081+10:00	170	000000	1990	2176	2166	2122	false	false	false	false	false	0	false		0000	0	0	0	0	0	0
2026-05-20T18:11:42.4477319+10:00	171	000000	1988	2175	2165	2122	false	false	false	false	false	0	false		0000	0	0	0	0	0	0
2026-05-20T18:11:42.4916367+10:00	172	000000	1989	2176	2165	2122	false	false	false	false	false	0	false		0000	0	0	0	0	0	0
2026-05-20T18:11:42.53563+10:00	173	000000	1989	2176	2165	2122	false	false	false	false	false	0	false		0000	0	0	0	0	0	0
2026-05-20T18:11:42.5791746+10:00	174	000000	1989	2175	2166	2123	false	false	false	false	false	0	false		0000	0	0	0	0	0	0
2026-05-20T18:11:42.580236+10:00	175	000000	1989	2176	2165	2122	false	false	false	false	false	0	false		0000	0	0	0	0	0	0
2026-05-20T18:11:42.6231178+10:00	176	000000	1989	2176	2165	2122	false	false	false	false	false	0	false		0000	0	0	0	0	0	0
2026-05-20T18:11:42.6669259+10:00	177	000000	1988	2176	2166	2123	false	false	false	false	false	0	false		0000	0	0	0	0	0	0
2026-05-20T18:11:42.7106326+10:00	178	000000	1989	2176	2166	2121	false	false	false	false	false	0	false		0000	0	0	0	0	0	0
2026-05-20T18:11:42.7539794+10:00	179	000000	1989	2175	2165	2123	false	false	false	false	false	0	false		0000	0	0	0	0	0	0
2026-05-20T18:11:42.7979688+10:00	180	000000	1989	2176	2165	2122	false	false	false	false	false	0	false		0000	0	0	0	0	0	0
2026-05-20T18:11:42.8414689+10:00	181	000000	1990	2176	2164	2123	false	false	false	false	false	0	false		0000	0	0	0	0	0	0
2026-05-20T18:11:42.8852523+10:00	182	000000	1989	2176	2165	2122	false	false	false	false	false	0	false		0000	0	0	0	0	0	0
2026-05-20T18:11:42.9294463+10:00	183	000000	1989	2176	2165	2121	false	false	false	false	false	0	false		0000	0	0	0	0	0	0
2026-05-20T18:11:42.9729156+10:00	184	000000	1989	2175	2165	2121	false	false	false	false	false	0	false		0000	0	0	0	0	0	0
2026-05-20T18:11:43.0167483+10:00	185	000000	1989	2176	2165	2123	false	false	false	false	false	0	false		0000	0	0	0	0	0	0
2026-05-20T18:11:43.0603658+10:00	186	000000	1988	2175	2165	2123	false	false	false	false	false	0	false		0000	0	0	0	0	0	0
2026-05-20T18:11:43.1040252+10:00	187	000000	1988	2175	2165	2122	false	false	false	false	false	0	false		0000	0	0	0	0	0	0
2026-05-20T18:11:43.1479908+10:00	188	000000	1990	2175	2165	2122	false	false	false	false	false	0	false		0000	0	0	0	0	0	0
2026-05-20T18:11:43.1917224+10:00	189	000000	1989	2176	2164	2122	false	false	false	false	false	0	false		0000	0	0	0	0	0	0
2026-05-20T18:11:43.2351819+10:00	190	000000	1989	2175	2165	2123	false	false	false	false	false	0	false		0000	0	0	0	0	0	0
2026-05-20T18:11:43.2794091+10:00	191	000000	1989	2176	2164	2122	false	false	false	false	false	0	false		0000	0	0	0	0	0	0
2026-05-20T18:11:43.3231991+10:00	192	000000	1990	2176	2164	2123	false	false	false	false	false	0	false		0000	0	0	0	0	0	0
2026-05-20T18:11:43.3665771+10:00	193	000000	1989	2176	2165	2123	false	false	false	false	false	0	false		0000	0	0	0	0	0	0
2026-05-20T18:11:43.4106314+10:00	194	000000	1989	2175	2165	2123	false	false	false	false	false	0	false		0000	0	0	0	0	0	0
2026-05-20T18:11:43.4543972+10:00	195	000000	1989	2176	2165	2122	false	false	false	false	false	0	false		0000	0	0	0	0	0	0
2026-05-20T18:11:43.4981276+10:00	196	000000	1989	2176	2165	2123	false	false	false	false	false	0	false		0000	0	0	0	0	0	0
2026-05-20T18:11:43.5420276+10:00	197	000000	1988	2176	2165	2122	false	false	false	false	false	0	false		0000	0	0	0	0	0	0
2026-05-20T18:11:43.5856098+10:00	198	000000	1989	2176	2165	2123	false	false	false	false	false	0	false		0000	0	0	0	0	0	0
2026-05-20T18:11:43.5861465+10:00	199	000000	1989	2177	2165	2122	false	false	false	false	false	0	false		0000	0	0	0	0	0	0
2026-05-20T18:11:43.6290225+10:00	200	000000	1989	2175	2165	2122	false	false	false	false	false	0	false		0000	0	0	0	0	0	0
2026-05-20T18:11:43.6730151+10:00	201	000000	1989	2175	2165	2122	false	false	false	false	false	0	false		0000	0	0	0	0	0	0
2026-05-20T18:11:43.7166302+10:00	202	000000	1988	2176	2165	2122	false	false	false	false	false	0	false		0000	0	0	0	0	0	0
2026-05-20T18:11:43.7603656+10:00	203	000000	1989	2176	2164	2123	false	false	false	false	false	0	false		0000	0	0	0	0	0	0
2026-05-20T18:11:43.8041189+10:00	204	000000	1989	2176	2165	2123	false	false	false	false	false	0	false		0000	0	0	0	0	0	0
2026-05-20T18:11:43.848121+10:00	205	000000	1989	2175	2165	2122	false	false	false	false	false	0	false		0000	0	0	0	0	0	0
2026-05-20T18:11:43.8917685+10:00	206	000000	1988	2176	2166	2122	false	false	false	false	false	0	false		0000	0	0	0	0	0	0
2026-05-20T18:11:43.9352192+10:00	207	000000	1989	2176	2166	2123	false	false	false	false	false	0	false		0000	0	0	0	0	0	0
2026-05-20T18:11:43.9792142+10:00	208	000000	1989	2175	2165	2122	false	false	false	false	false	0	false		0000	0	0	0	0	0	0
2026-05-20T18:11:44.0227058+10:00	209	000000	1989	2176	2165	2122	false	false	false	false	false	0	false		0000	0	0	0	0	0	0
2026-05-20T18:11:44.0664011+10:00	210	000000	1989	2176	2165	2123	false	false	false	false	false	0	false		0000	0	0	0	0	0	0
2026-05-20T18:11:44.110251+10:00	211	000000	1988	2175	2165	2122	false	false	false	false	false	0	false		0000	0	0	0	0	0	0
2026-05-20T18:11:44.1541081+10:00	212	000000	1988	2176	2164	2123	false	false	false	false	false	0	false		0000	0	0	0	0	0	0
2026-05-20T18:11:44.1979495+10:00	213	000000	1989	2176	2165	2122	false	false	false	false	false	0	false		0000	0	0	0	0	0	0
2026-05-20T18:11:44.2418691+10:00	214	000000	1989	2175	2165	2122	false	false	false	false	false	0	false		0000	0	0	0	0	0	0
2026-05-20T18:11:44.2856587+10:00	215	000000	1989	2175	2165	2122	false	false	false	false	false	0	false		0000	0	0	0	0	0	0
2026-05-20T18:11:44.3286+10:00	216	000000	1988	2175	2165	2122	false	false	false	false	false	0	false		0000	0	0	0	0	0	0
2026-05-20T18:11:44.3727928+10:00	217	000000	1988	2175	2165	2123	false	false	false	false	false	0	false		0000	0	0	0	0	0	0
2026-05-20T18:11:44.4171595+10:00	218	000000	1989	2176	2165	2122	false	false	false	false	false	0	false		0000	0	0	0	0	0	0
2026-05-20T18:11:44.4604557+10:00	219	000000	1989	2176	2165	2122	false	false	false	false	false	0	false		0000	0	0	0	0	0	0
2026-05-20T18:11:44.5043518+10:00	220	000000	1988	2176	2165	2123	false	false	false	false	false	0	false		0000	0	0	0	0	0	0
2026-05-20T18:11:44.5475889+10:00	221	000000	1988	2175	2165	2122	false	false	false	false	false	0	false		0000	0	0	0	0	0	0
2026-05-20T18:11:44.5489594+10:00	222	000000	1989	2176	2165	2122	false	false	false	false	false	0	false		0000	0	0	0	0	0	0
2026-05-20T18:11:44.5919222+10:00	223	000000	1989	2176	2165	2122	false	false	false	false	false	0	false		0000	0	0	0	0	0	0
2026-05-20T18:11:44.6357025+10:00	224	000000	1988	2176	2165	2122	false	false	false	false	false	0	false		0000	0	0	0	0	0	0
2026-05-20T18:11:44.6794198+10:00	225	000000	1989	2176	2165	2122	false	false	false	false	false	0	false		0000	0	0	0	0	0	0
2026-05-20T18:11:44.7227258+10:00	226	000000	1989	2176	2165	2123	false	false	false	false	false	0	false		0000	0	0	0	0	0	0
2026-05-20T18:11:44.7667054+10:00	227	000000	1989	2176	2166	2122	false	false	false	false	false	0	false		0000	0	0	0	0	0	0
2026-05-20T18:11:44.8102056+10:00	228	000000	1989	2176	2165	2122	false	false	false	false	false	0	false		0000	0	0	0	0	0	0
2026-05-20T18:11:44.8541948+10:00	229	000000	1989	2175	2165	2122	false	false	false	false	false	0	false		0000	0	0	0	0	0	0
2026-05-20T18:11:44.8981085+10:00	230	000000	1989	2175	2165	2122	false	false	false	false	false	0	false		0000	0	0	0	0	0	0
2026-05-20T18:11:44.9419293+10:00	231	000000	1988	2176	2166	2122	false	false	false	false	false	0	false		0000	0	0	0	0	0	0
2026-05-20T18:11:44.9854069+10:00	232	000000	1989	2176	2165	2122	false	false	false	false	false	0	false		0000	0	0	0	0	0	0
2026-05-20T18:11:45.02911+10:00	233	000000	1989	2176	2166	2123	false	false	false	false	false	0	false		0000	0	0	0	0	0	0
2026-05-20T18:11:45.0730639+10:00	234	000000	1989	2176	2165	2122	false	false	false	false	false	0	false		0000	0	0	0	0	0	0
2026-05-20T18:11:45.1168623+10:00	235	000000	1989	2175	2165	2122	false	false	false	false	false	0	false		0000	0	0	0	0	0	0
2026-05-20T18:11:45.1607263+10:00	236	000000	1989	2175	2166	2122	false	false	false	false	false	0	false		0000	0	0	0	0	0	0
2026-05-20T18:11:45.2043497+10:00	237	000000	1988	2175	2165	2123	false	false	false	false	false	0	false		0000	0	0	0	0	0	0
2026-05-20T18:11:45.2479788+10:00	238	000000	1989	2175	2165	2122	false	false	false	false	false	0	false		0000	0	0	0	0	0	0
2026-05-20T18:11:45.2919854+10:00	239	000000	1990	2176	2165	2122	false	false	false	false	false	0	false		0000	0	0	0	0	0	0
2026-05-20T18:11:45.3352204+10:00	240	000000	1989	2176	2165	2122	false	false	false	false	false	0	false		0000	0	0	0	0	0	0
2026-05-20T18:11:45.379295+10:00	241	000000	1989	2175	2165	2122	false	false	false	false	false	0	false		0000	0	0	0	0	0	0
2026-05-20T18:11:45.4231763+10:00	242	000000	1988	2176	2165	2123	false	false	false	false	false	0	false		0000	0	0	0	0	0	0
2026-05-20T18:11:45.4665603+10:00	243	000000	1989	2176	2164	2122	false	false	false	false	false	0	false		0000	0	0	0	0	0	0
2026-05-20T18:11:45.5108047+10:00	244	000000	1989	2175	2165	2122	false	false	false	false	false	0	false		0000	0	0	0	0	0	0
2026-05-20T18:11:45.5542896+10:00	245	000000	1989	2175	2165	2122	false	false	false	false	false	0	false		0000	0	0	0	0	0	0
2026-05-20T18:11:45.597826+10:00	246	000000	1990	2176	2165	2122	false	false	false	false	false	0	false		0000	0	0	0	0	0	0
2026-05-20T18:11:45.5988539+10:00	247	000000	1988	2176	2165	2122	false	false	false	false	false	0	false		0000	0	0	0	0	0	0
2026-05-20T18:11:45.6418348+10:00	248	000000	1989	2176	2166	2122	false	false	false	false	false	0	false		0000	0	0	0	0	0	0
2026-05-20T18:11:45.6852716+10:00	249	000000	1988	2176	2165	2122	false	false	false	false	false	0	false		0000	0	0	0	0	0	0
2026-05-20T18:11:45.7293658+10:00	250	000000	1988	2175	2165	2122	false	false	false	false	false	0	false		0000	0	0	0	0	0	0
2026-05-20T18:11:45.7730478+10:00	251	000000	1988	2176	2166	2122	false	false	false	false	false	0	false		0000	0	0	0	0	0	0
2026-05-20T18:11:45.8167241+10:00	252	000000	1989	2176	2165	2122	false	false	false	false	false	0	false		0000	0	0	0	0	0	0
2026-05-20T18:11:45.8608685+10:00	253	000000	1989	2176	2165	2123	false	false	false	false	false	0	false		0000	0	0	0	0	0	0
2026-05-20T18:11:45.9045128+10:00	254	000000	1989	2177	2165	2122	false	false	false	false	false	0	false		0000	0	0	0	0	0	0
2026-05-20T18:11:45.9478054+10:00	255	000000	1988	2175	2165	2122	false	false	false	false	false	0	false		0000	0	0	0	0	0	0
2026-05-20T18:11:45.9914483+10:00	0	000000	1989	2175	2165	2121	false	false	false	false	false	0	false		0000	0	0	0	0	0	0
2026-05-20T18:11:46.0790322+10:00	1	000000	1988	2175	2165	2122	false	false	false	false	false	0	false		0000	0	0	0	0	0	0
2026-05-20T18:11:46.0802274+10:00	2	000000	1989	2175	2165	2122	false	false	false	false	false	0	false		0000	0	0	0	0	0	0
2026-05-20T18:11:46.1226413+10:00	3	000000	1989	2176	2165	2122	false	false	false	false	false	0	false		0000	0	0	0	0	0	0
2026-05-20T18:11:46.1663988+10:00	4	000000	1990	2175	2166	2122	false	false	false	false	false	0	false		0000	0	0	0	0	0	0
2026-05-20T18:11:46.2105928+10:00	5	000000	1988	2175	2165	2122	false	false	false	false	false	0	false		0000	0	0	0	0	0	0
2026-05-20T18:11:46.2543705+10:00	6	000000	1988	2175	2165	2122	false	false	false	false	false	0	false		0000	0	0	0	0	0	0
2026-05-20T18:11:46.297926+10:00	7	000000	1989	2175	2165	2122	false	false	false	false	false	0	false		0000	0	0	0	0	0	0
2026-05-20T18:11:46.3418353+10:00	8	000000	1988	2175	2165	2122	false	false	false	false	false	0	false		0000	0	0	0	0	0	0
2026-05-20T18:11:46.3853249+10:00	9	000000	1988	2176	2165	2122	false	false	false	false	false	0	false		0000	0	0	0	0	0	0
2026-05-20T18:11:46.4290572+10:00	10	000000	1988	2176	2165	2122	false	false	false	false	false	0	false		0000	0	0	0	0	0	0
2026-05-20T18:11:46.4727698+10:00	11	000000	1988	2176	2165	2123	false	false	false	false	false	0	false		0000	0	0	0	0	0	0
2026-05-20T18:11:46.516937+10:00	12	000000	1989	2176	2165	2123	false	false	false	false	false	0	false		0000	0	0	0	0	0	0
2026-05-20T18:11:46.5604505+10:00	13	000000	1989	2176	2165	2122	false	false	false	false	false	0	false		0000	0	0	0	0	0	0
2026-05-20T18:11:46.6043586+10:00	14	000000	1989	2175	2165	2122	false	false	false	false	false	0	false		0000	0	0	0	0	0	0
2026-05-20T18:11:46.6049099+10:00	15	000000	1989	2176	2165	2123	false	false	false	false	false	0	false		0000	0	0	0	0	0	0
2026-05-20T18:11:46.6479514+10:00	16	000000	1989	2176	2165	2122	false	false	false	false	false	0	false		0000	0	0	0	0	0	0
2026-05-20T18:11:46.6917332+10:00	17	000000	1989	2175	2165	2122	false	false	false	false	false	0	false		0000	0	0	0	0	0	0
2026-05-20T18:11:46.7358016+10:00	18	000000	1989	2175	2165	2122	false	false	false	false	false	0	false		0000	0	0	0	0	0	0
2026-05-20T18:11:46.7791949+10:00	19	000000	1989	2175	2165	2122	false	false	false	false	false	0	false		0000	0	0	0	0	0	0
2026-05-20T18:11:46.8230085+10:00	20	000000	1989	2175	2165	2122	false	false	false	false	false	0	false		0000	0	0	0	0	0	0
2026-05-20T18:11:46.8668201+10:00	21	000000	1989	2175	2165	2123	false	false	false	false	false	0	false		0000	0	0	0	0	0	0
2026-05-20T18:11:46.9103885+10:00	22	000000	1989	2175	2165	2122	false	false	false	false	false	0	false		0000	0	0	0	0	0	0
2026-05-20T18:11:46.9545195+10:00	23	000000	1988	2175	2165	2123	false	false	false	false	false	0	false		0000	0	0	0	0	0	0
2026-05-20T18:11:46.9981002+10:00	24	000000	1989	2175	2165	2122	false	false	false	false	false	0	false		0000	0	0	0	0	0	0
2026-05-20T18:11:47.0415935+10:00	25	000000	1989	2175	2165	2122	false	false	false	false	false	0	false		0000	0	0	0	0	0	0
2026-05-20T18:11:47.0856289+10:00	26	000000	1990	2176	2164	2122	false	false	false	false	false	0	false		0000	0	0	0	0	0	0
2026-05-20T18:11:47.1292266+10:00	27	000000	1989	2175	2165	2123	false	false	false	false	false	0	false		0000	0	0	0	0	0	0
2026-05-20T18:11:47.1724923+10:00	28	000000	1989	2176	2165	2122	false	false	false	false	false	0	false		0000	0	0	0	0	0	0
2026-05-20T18:11:47.2164869+10:00	29	000000	1989	2176	2166	2123	false	false	false	false	false	0	false		0000	0	0	0	0	0	0
2026-05-20T18:11:47.2608091+10:00	30	000000	1989	2176	2165	2123	false	false	false	false	false	0	false		0000	0	0	0	0	0	0
2026-05-20T18:11:47.3041714+10:00	31	000000	1989	2176	2165	2122	false	false	false	false	false	0	false		0000	0	0	0	0	0	0
2026-05-20T18:11:47.3480608+10:00	32	000000	1989	2175	2165	2123	false	false	false	false	false	0	false		0000	0	0	0	0	0	0
2026-05-20T18:11:47.3916969+10:00	33	000000	1988	2176	2165	2122	false	false	false	false	false	0	false		0000	0	0	0	0	0	0
2026-05-20T18:11:47.435712+10:00	34	000000	1988	2176	2166	2122	false	false	false	false	false	0	false		0000	0	0	0	0	0	0
2026-05-20T18:11:47.4793639+10:00	35	000000	1988	2176	2166	2122	false	false	false	false	false	0	false		0000	0	0	0	0	0	0
2026-05-20T18:11:47.5230888+10:00	36	000000	1988	2176	2165	2122	false	false	false	false	false	0	false		0000	0	0	0	0	0	0
2026-05-20T18:11:47.5236156+10:00	37	000000	1988	2175	2165	2122	false	false	false	false	false	0	false		0000	0	0	0	0	0	0
2026-05-20T18:11:47.566508+10:00	38	000000	1988	2176	2165	2123	false	false	false	false	false	0	false		0000	0	0	0	0	0	0
2026-05-20T18:11:47.6105526+10:00	39	000000	1988	2176	2166	2122	false	false	false	false	false	0	false		0000	0	0	0	0	0	0
2026-05-20T18:11:47.6541438+10:00	40	000000	1989	2175	2165	2122	false	false	false	false	false	0	false		0000	0	0	0	0	0	0
2026-05-20T18:11:47.698231+10:00	41	000000	1988	2176	2165	2122	false	false	false	false	false	0	false		0000	0	0	0	0	0	0
2026-05-20T18:11:47.7418042+10:00	42	000000	1989	2176	2165	2123	false	false	false	false	false	0	false		0000	0	0	0	0	0	0
2026-05-20T18:11:47.7853343+10:00	43	000000	1989	2175	2165	2123	false	false	false	false	false	0	false		0000	0	0	0	0	0	0
2026-05-20T18:11:47.8296082+10:00	44	000000	1989	2176	2165	2122	false	false	false	false	false	0	false		0000	0	0	0	0	0	0
2026-05-20T18:11:47.8729048+10:00	45	000000	1988	2176	2164	2123	false	false	false	false	false	0	false		0000	0	0	0	0	0	0
2026-05-20T18:11:47.9167729+10:00	46	000000	1989	2176	2165	2122	false	false	false	false	false	0	false		0000	0	0	0	0	0	0
2026-05-20T18:11:47.9608022+10:00	47	000000	1989	2175	2165	2122	false	false	false	false	false	0	false		0000	0	0	0	0	0	0
2026-05-20T18:11:48.004435+10:00	48	000000	1989	2175	2165	2123	false	false	false	false	false	0	false		0000	0	0	0	0	0	0
2026-05-20T18:11:48.0479161+10:00	49	000000	1988	2175	2165	2122	false	false	false	false	false	0	false		0000	0	0	0	0	0	0
2026-05-20T18:11:48.0914086+10:00	50	000000	1989	2175	2165	2122	false	false	false	false	false	0	false		0000	0	0	0	0	0	0
2026-05-20T18:11:48.1354029+10:00	51	000000	1989	2175	2165	2122	false	false	false	false	false	0	false		0000	0	0	0	0	0	0
2026-05-20T18:11:48.1791394+10:00	52	000000	1989	2176	2165	2122	false	false	false	false	false	0	false		0000	0	0	0	0	0	0
2026-05-20T18:11:48.2231429+10:00	53	000000	1989	2176	2165	2122	false	false	false	false	false	0	false		0000	0	0	0	0	0	0
2026-05-20T18:11:48.266856+10:00	54	000000	1988	2175	2166	2122	false	false	false	false	false	0	false		0000	0	0	0	0	0	0
2026-05-20T18:11:48.3105806+10:00	55	000000	1989	2175	2165	2123	false	false	false	false	false	0	false		0000	0	0	0	0	0	0
2026-05-20T18:11:48.3540824+10:00	56	000000	1988	2176	2165	2123	false	false	false	false	false	0	false		0000	0	0	0	0	0	0
2026-05-20T18:11:48.398132+10:00	57	000000	1989	2175	2165	2122	false	false	false	false	false	0	false		0000	0	0	0	0	0	0
2026-05-20T18:11:48.4419781+10:00	58	000000	1989	2176	2165	2121	false	false	false	false	false	0	false		0000	0	0	0	0	0	0
2026-05-20T18:11:48.485283+10:00	59	000000	1988	2176	2164	2122	false	false	false	false	false	0	false		0000	0	0	0	0	0	0
2026-05-20T18:11:48.5292663+10:00	60	000000	1989	2175	2166	2122	false	false	false	false	false	0	false		0000	0	0	0	0	0	0
2026-05-20T18:11:48.5726113+10:00	61	000000	1989	2176	2166	2122	false	false	false	false	false	0	false		0000	0	0	0	0	0	0
2026-05-20T18:11:48.5741185+10:00	62	000000	1989	2176	2166	2122	false	false	false	false	false	0	false		0000	0	0	0	0	0	0
2026-05-20T18:11:48.6165787+10:00	63	000000	1989	2176	2165	2122	false	false	false	false	false	0	false		0000	0	0	0	0	0	0
2026-05-20T18:11:48.6607303+10:00	64	000000	1990	2175	2165	2121	false	false	false	false	false	0	false		0000	0	0	0	0	0	0
2026-05-20T18:11:48.7035505+10:00	65	000000	1989	2175	2165	2123	false	false	false	false	false	0	false		0000	0	0	0	0	0	0
2026-05-20T18:11:48.7484185+10:00	66	000000	1989	2176	2165	2123	false	false	false	false	false	0	false		0000	0	0	0	0	0	0
2026-05-20T18:11:48.7918055+10:00	67	000000	1989	2175	2165	2123	false	false	false	false	false	0	false		0000	0	0	0	0	0	0
2026-05-20T18:11:48.8355357+10:00	68	000000	1988	2175	2165	2122	false	false	false	false	false	0	false		0000	0	0	0	0	0	0
2026-05-20T18:11:48.8791872+10:00	69	000000	1988	2176	2165	2122	false	false	false	false	false	0	false		0000	0	0	0	0	0	0
2026-05-20T18:11:48.9228708+10:00	70	000000	1989	2175	2165	2123	false	false	false	false	false	0	false		0000	0	0	0	0	0	0
2026-05-20T18:11:48.9670246+10:00	71	000000	1989	2176	2165	2122	false	false	false	false	false	0	false		0000	0	0	0	0	0	0
2026-05-20T18:11:49.0104607+10:00	72	000000	1989	2175	2165	2122	false	false	false	false	false	0	false		0000	0	0	0	0	0	0
2026-05-20T18:11:49.0543716+10:00	73	000000	1989	2175	2166	2123	false	false	false	false	false	0	false		0000	0	0	0	0	0	0
2026-05-20T18:11:49.0978214+10:00	74	000000	1989	2175	2165	2122	false	false	false	false	false	0	false		0000	0	0	0	0	0	0
2026-05-20T18:11:49.1416329+10:00	75	000000	1989	2176	2165	2122	false	false	false	false	false	0	false		0000	0	0	0	0	0	0
2026-05-20T18:11:49.185287+10:00	76	000000	1989	2175	2166	2122	false	false	false	false	false	0	false		0000	0	0	0	0	0	0
2026-05-20T18:11:49.2290664+10:00	77	000000	1988	2175	2166	2122	false	false	false	false	false	0	false		0000	0	0	0	0	0	0
2026-05-20T18:11:49.2731748+10:00	78	000000	1989	2175	2165	2122	false	false	false	false	false	0	false		0000	0	0	0	0	0	0
2026-05-20T18:11:49.31671+10:00	79	000000	1988	2176	2165	2122	false	false	false	false	false	0	false		0000	0	0	0	0	0	0
2026-05-20T18:11:49.3602558+10:00	80	000000	1989	2175	2165	2122	false	false	false	false	false	0	false		0000	0	0	0	0	0	0
2026-05-20T18:11:49.4041607+10:00	81	000000	1989	2175	2165	2122	false	false	false	false	false	0	false		0000	0	0	0	0	0	0
2026-05-20T18:11:49.4478106+10:00	82	000000	1989	2175	2165	2122	false	false	false	false	false	0	false		0000	0	0	0	0	0	0
2026-05-20T18:11:49.4917943+10:00	83	000000	1989	2176	2165	2122	false	false	false	false	false	0	false		0000	0	0	0	0	0	0
2026-05-20T18:11:49.5356343+10:00	84	000000	1989	2176	2165	2123	false	false	false	false	false	0	false		0000	0	0	0	0	0	0
2026-05-20T18:11:49.579436+10:00	85	000000	1989	2175	2165	2122	false	false	false	false	false	0	false		0000	0	0	0	0	0	0
2026-05-20T18:11:49.5799603+10:00	86	000000	1989	2175	2165	2122	false	false	false	false	false	0	false		0000	0	0	0	0	0	0
2026-05-20T18:11:49.623215+10:00	87	000000	1990	2176	2165	2123	false	false	false	false	false	0	false		0000	0	0	0	0	0	0
2026-05-20T18:11:49.7105928+10:00	88	000000	1989	2176	2165	2122	false	false	false	false	false	0	false		0000	0	0	0	0	0	0
2026-05-20T18:11:49.7116442+10:00	89	000000	1989	2176	2165	2122	false	false	false	false	false	0	false		0000	0	0	0	0	0	0
2026-05-20T18:11:49.7541832+10:00	90	000000	1989	2175	2165	2122	false	false	false	false	false	0	false		0000	0	0	0	0	0	0
2026-05-20T18:11:49.7980519+10:00	91	000000	1989	2176	2165	2122	false	false	false	false	false	0	false		0000	0	0	0	0	0	0
2026-05-20T18:11:49.8418003+10:00	92	000000	1988	2176	2165	2123	false	false	false	false	false	0	false		0000	0	0	0	0	0	0
2026-05-20T18:11:49.8853611+10:00	93	000000	1989	2176	2165	2122	false	false	false	false	false	0	false		0000	0	0	0	0	0	0
2026-05-20T18:11:49.929283+10:00	94	000000	1989	2177	2165	2123	false	false	false	false	false	0	false		0000	0	0	0	0	0	0
2026-05-20T18:11:49.9730032+10:00	95	000000	1988	2176	2165	2122	false	false	false	false	false	0	false		0000	0	0	0	0	0	0
2026-05-20T18:11:50.0169311+10:00	96	000000	1988	2176	2165	2123	false	false	false	false	false	0	false		0000	0	0	0	0	0	0
2026-05-20T18:11:50.0607716+10:00	97	000000	1989	2175	2165	2123	false	false	false	false	false	0	false		0000	0	0	0	0	0	0
2026-05-20T18:11:50.1042157+10:00	98	000000	1989	2176	2165	2122	false	false	false	false	false	0	false		0000	0	0	0	0	0	0
2026-05-20T18:11:50.147751+10:00	99	000000	1988	2176	2166	2122	false	false	false	false	false	0	false		0000	0	0	0	0	0	0
2026-05-20T18:11:50.1916932+10:00	100	000000	1988	2176	2165	2121	false	false	false	false	false	0	false		0000	0	0	0	0	0	0
2026-05-20T18:11:50.2354862+10:00	101	000000	1988	2175	2165	2122	false	false	false	false	false	0	false		0000	0	0	0	0	0	0
2026-05-20T18:11:50.2792271+10:00	102	000000	1989	2176	2165	2122	false	false	false	false	false	0	false		0000	0	0	0	0	0	0
2026-05-20T18:11:50.3229329+10:00	103	000000	1989	2176	2165	2123	false	false	false	false	false	0	false		0000	0	0	0	0	0	0
2026-05-20T18:11:50.3669403+10:00	104	000000	1989	2176	2165	2122	false	false	false	false	false	0	false		0000	0	0	0	0	0	0
2026-05-20T18:11:50.4106175+10:00	105	000000	1989	2176	2165	2122	false	false	false	false	false	0	false		0000	0	0	0	0	0	0
2026-05-20T18:11:50.4544793+10:00	106	000000	1989	2176	2165	2123	false	false	false	false	false	0	false		0000	0	0	0	0	0	0
2026-05-20T18:11:50.4981976+10:00	107	000000	1989	2176	2164	2123	false	false	false	false	false	0	false		0000	0	0	0	0	0	0
2026-05-20T18:11:50.5419083+10:00	108	000000	1989	2176	2165	2122	false	false	false	false	false	0	false		0000	0	0	0	0	0	0
2026-05-20T18:11:50.5853948+10:00	109	000000	1989	2175	2165	2122	false	false	false	false	false	0	false		0000	0	0	0	0	0	0
2026-05-20T18:11:50.5864755+10:00	110	000000	1990	2175	2165	2123	false	false	false	false	false	0	false		0000	0	0	0	0	0	0
2026-05-20T18:11:50.6290958+10:00	111	000000	1988	2176	2165	2122	false	false	false	false	false	0	false		0000	0	0	0	0	0	0
2026-05-20T18:11:50.6732802+10:00	112	000000	1989	2176	2166	2122	false	false	false	false	false	0	false		0000	0	0	0	0	0	0
2026-05-20T18:11:50.7165217+10:00	113	000000	1989	2175	2165	2121	false	false	false	false	false	0	false		0000	0	0	0	0	0	0
2026-05-20T18:11:50.7605351+10:00	114	000000	1988	2175	2165	2123	false	false	false	false	false	0	false		0000	0	0	0	0	0	0
2026-05-20T18:11:50.8044109+10:00	115	000000	1989	2175	2165	2122	false	false	false	false	false	0	false		0000	0	0	0	0	0	0
2026-05-20T18:11:50.8482106+10:00	116	000000	1988	2175	2165	2122	false	false	false	false	false	0	false		0000	0	0	0	0	0	0
2026-05-20T18:11:50.8916475+10:00	117	000000	1989	2176	2165	2123	false	false	false	false	false	0	false		0000	0	0	0	0	0	0
2026-05-20T18:11:50.9354176+10:00	118	000000	1989	2176	2165	2123	false	false	false	false	false	0	false		0000	0	0	0	0	0	0
2026-05-20T18:11:50.9791531+10:00	119	000000	1989	2176	2166	2122	false	false	false	false	false	0	false		0000	0	0	0	0	0	0
2026-05-20T18:11:51.022855+10:00	120	000000	1988	2176	2166	2122	false	false	false	false	false	0	false		0000	0	0	0	0	0	0
2026-05-20T18:11:51.0668251+10:00	121	000000	1989	2175	2165	2122	false	false	false	false	false	0	false		0000	0	0	0	0	0	0
2026-05-20T18:11:51.1103285+10:00	122	000000	1988	2175	2164	2121	false	false	false	false	false	0	false		0000	0	0	0	0	0	0
2026-05-20T18:11:51.1544066+10:00	123	000000	1988	2176	2165	2122	false	false	false	false	false	0	false		0000	0	0	0	0	0	0
2026-05-20T18:11:51.1980697+10:00	124	000000	1989	2176	2165	2123	false	false	false	false	false	0	false		0000	0	0	0	0	0	0
2026-05-20T18:11:51.2420154+10:00	125	000000	1989	2176	2165	2121	false	false	false	false	false	0	false		0000	0	0	0	0	0	0
2026-05-20T18:11:51.2857956+10:00	126	000000	1989	2176	2165	2122	false	false	false	false	false	0	false		0000	0	0	0	0	0	0
2026-05-20T18:11:51.3295744+10:00	127	000000	1989	2175	2166	2122	false	false	false	false	false	0	false		0000	0	0	0	0	0	0
2026-05-20T18:11:51.3730246+10:00	128	000000	1988	2175	2164	2123	false	false	false	false	false	0	false		0000	0	0	0	0	0	0
2026-05-20T18:11:51.4171088+10:00	129	000000	1989	2176	2165	2122	false	false	false	false	false	0	false		0000	0	0	0	0	0	0
2026-05-20T18:11:51.4607939+10:00	130	000000	1989	2176	2165	2122	false	false	false	false	false	0	false		0000	0	0	0	0	0	0
2026-05-20T18:11:51.5043025+10:00	131	000000	1988	2176	2166	2122	false	false	false	false	false	0	false		0000	0	0	0	0	0	0
2026-05-20T18:11:51.5478959+10:00	132	000000	1989	2176	2165	2123	false	false	false	false	false	0	false		0000	0	0	0	0	0	0
2026-05-20T18:11:51.5489583+10:00	133	000000	1989	2176	2165	2122	false	false	false	false	false	0	false		0000	0	0	0	0	0	0
2026-05-20T18:11:51.5920408+10:00	134	000000	1988	2176	2165	2122	false	false	false	false	false	0	false		0000	0	0	0	0	0	0
2026-05-20T18:11:51.6359407+10:00	135	000000	1988	2176	2165	2122	false	false	false	false	false	0	false		0000	0	0	0	0	0	0
2026-05-20T18:11:51.6794575+10:00	136	000000	1988	2176	2165	2122	false	false	false	false	false	0	false		0000	0	0	0	0	0	0
2026-05-20T18:11:51.72319+10:00	137	000000	1989	2176	2165	2122	false	false	false	false	false	0	false		0000	0	0	0	0	0	0
2026-05-20T18:11:51.766634+10:00	138	000000	1989	2176	2164	2122	false	false	false	false	false	0	false		0000	0	0	0	0	0	0
2026-05-20T18:11:51.8104832+10:00	139	000000	1989	2176	2165	2122	false	false	false	false	false	0	false		0000	0	0	0	0	0	0
2026-05-20T18:11:51.8542029+10:00	140	000000	1989	2176	2165	2122	false	false	false	false	false	0	false		0000	0	0	0	0	0	0
2026-05-20T18:11:51.8978607+10:00	141	000000	1989	2176	2165	2123	false	false	false	false	false	0	false		0000	0	0	0	0	0	0
2026-05-20T18:11:51.9420243+10:00	142	000000	1989	2176	2166	2123	false	false	false	false	false	0	false		0000	0	0	0	0	0	0
2026-05-20T18:11:51.9858684+10:00	143	000000	1989	2176	2165	2122	false	false	false	false	false	0	false		0000	0	0	0	0	0	0
2026-05-20T18:11:52.0290951+10:00	144	000000	1989	2176	2165	2122	false	false	false	false	false	0	false		0000	0	0	0	0	0	0
2026-05-20T18:11:52.0731988+10:00	145	000000	1988	2176	2165	2123	false	false	false	false	false	0	false		0000	0	0	0	0	0	0
2026-05-20T18:11:52.116782+10:00	146	000000	1989	2176	2166	2122	false	false	false	false	false	0	false		0000	0	0	0	0	0	0
2026-05-20T18:11:52.1607253+10:00	147	000000	1989	2175	2166	2123	false	false	false	false	false	0	false		0000	0	0	0	0	0	0
2026-05-20T18:11:52.2042869+10:00	148	000000	1988	2176	2165	2123	false	false	false	false	false	0	false		0000	0	0	0	0	0	0
2026-05-20T18:11:52.248085+10:00	149	000000	1988	2176	2165	2122	false	false	false	false	false	0	false		0000	0	0	0	0	0	0
2026-05-20T18:11:52.2919202+10:00	150	000000	1988	2175	2165	2122	false	false	false	false	false	0	false		0000	0	0	0	0	0	0
2026-05-20T18:11:52.3358905+10:00	151	000000	1988	2175	2165	2123	false	false	false	false	false	0	false		0000	0	0	0	0	0	0
2026-05-20T18:11:52.3797772+10:00	152	000000	1988	2176	2165	2122	false	false	false	false	false	0	false		0000	0	0	0	0	0	0
2026-05-20T18:11:52.4230033+10:00	153	000000	1989	2176	2165	2122	false	false	false	false	false	0	false		0000	0	0	0	0	0	0
2026-05-20T18:11:52.4671045+10:00	154	000000	1989	2176	2165	2122	false	false	false	false	false	0	false		0000	0	0	0	0	0	0
2026-05-20T18:11:52.5107144+10:00	155	000000	1988	2176	2165	2122	false	false	false	false	false	0	false		0000	0	0	0	0	0	0
2026-05-20T18:11:52.5540066+10:00	156	000000	1988	2176	2165	2122	false	false	false	false	false	0	false		0000	0	0	0	0	0	0
2026-05-20T18:11:52.5980284+10:00	157	000000	1988	2175	2165	2122	false	false	false	false	false	0	false		0000	0	0	0	0	0	0
2026-05-20T18:11:52.599171+10:00	158	000000	1989	2176	2165	2122	false	false	false	false	false	0	false		0000	0	0	0	0	0	0
2026-05-20T18:11:52.6416548+10:00	159	000000	1988	2175	2165	2121	false	false	false	false	false	0	false		0000	0	0	0	0	0	0
2026-05-20T18:11:52.6856554+10:00	160	000000	1989	2176	2165	2121	false	false	false	false	false	0	false		0000	0	0	0	0	0	0
2026-05-20T18:11:52.7294354+10:00	161	000000	1989	2175	2165	2122	false	false	false	false	false	0	false		0000	0	0	0	0	0	0
2026-05-20T18:11:52.7728721+10:00	162	000000	1988	2176	2166	2123	false	false	false	false	false	0	false		0000	0	0	0	0	0	0
2026-05-20T18:11:52.8170997+10:00	163	000000	1990	2176	2165	2122	false	false	false	false	false	0	false		0000	0	0	0	0	0	0
2026-05-20T18:11:52.8605775+10:00	164	000000	1989	2176	2165	2122	false	false	false	false	false	0	false		0000	0	0	0	0	0	0
2026-05-20T18:11:52.9043703+10:00	165	000000	1988	2176	2165	2122	false	false	false	false	false	0	false		0000	0	0	0	0	0	0
2026-05-20T18:11:52.9479709+10:00	166	000000	1989	2175	2165	2122	false	false	false	false	false	0	false		0000	0	0	0	0	0	0
2026-05-20T18:11:52.9922365+10:00	167	000000	1988	2176	2165	2122	false	false	false	false	false	0	false		0000	0	0	0	0	0	0
2026-05-20T18:11:53.0358301+10:00	168	000000	1989	2176	2165	2122	false	false	false	false	false	0	false		0000	0	0	0	0	0	0
2026-05-20T18:11:53.0796439+10:00	169	000000	1989	2176	2165	2121	false	false	false	false	false	0	false		0000	0	0	0	0	0	0
2026-05-20T18:11:53.123252+10:00	170	000000	1988	2176	2164	2122	false	false	false	false	false	0	false		0000	0	0	0	0	0	0
2026-05-20T18:11:53.1667072+10:00	171	000000	1989	2176	2165	2122	false	false	false	false	false	0	false		0000	0	0	0	0	0	0
2026-05-20T18:11:53.2105692+10:00	172	000000	1989	2175	2165	2122	false	false	false	false	false	0	false		0000	0	0	0	0	0	0
2026-05-20T18:11:53.2542551+10:00	173	000000	1988	2175	2165	2122	false	false	false	false	false	0	false		0000	0	0	0	0	0	0
2026-05-20T18:11:53.2978779+10:00	174	000000	1989	2176	2165	2122	false	false	false	false	false	0	false		0000	0	0	0	0	0	0
2026-05-20T18:11:53.3416614+10:00	175	000000	1987	2175	2164	2122	false	false	false	false	false	0	false		0000	0	0	0	0	0	0
2026-05-20T18:11:53.3853327+10:00	176	000000	1989	2176	2165	2123	false	false	false	false	false	0	false		0000	0	0	0	0	0	0
2026-05-20T18:11:53.4293614+10:00	177	000000	1988	2176	2165	2123	false	false	false	false	false	0	false		0000	0	0	0	0	0	0
2026-05-20T18:11:53.4731283+10:00	178	000000	1988	2176	2165	2123	false	false	false	false	false	0	false		0000	0	0	0	0	0	0
2026-05-20T18:11:53.5166861+10:00	179	000000	1986	2176	2164	2122	false	false	false	false	false	0	false		0000	0	0	0	0	0	0
2026-05-20T18:11:53.56072+10:00	180	000000	1981	2175	2165	2122	false	false	false	false	false	0	false		0000	0	0	0	0	0	0
2026-05-20T18:11:53.6043235+10:00	181	000000	1981	2176	2165	2122	false	false	false	false	false	0	false		0000	0	0	0	0	0	0
2026-05-20T18:11:53.6053962+10:00	182	000000	1981	2175	2164	2122	false	false	false	false	false	0	false		0000	0	0	0	0	0	0
2026-05-20T18:11:53.6480169+10:00	183	000000	1981	2177	2165	2122	false	false	false	false	false	0	false		0000	0	0	0	0	0	0
2026-05-20T18:11:53.6916873+10:00	184	000000	1981	2176	2165	2122	false	false	false	false	false	0	false		0000	0	0	0	0	0	0
2026-05-20T18:11:53.735472+10:00	185	000000	1981	2176	2165	2122	false	false	false	false	false	0	false		0000	0	0	0	0	0	0
2026-05-20T18:11:53.7792058+10:00	186	000000	1981	2176	2165	2123	false	false	false	false	false	0	false		0000	0	0	0	0	0	0
2026-05-20T18:11:53.823192+10:00	187	000000	1981	2176	2165	2123	false	false	false	false	false	0	false		0000	0	0	0	0	0	0
2026-05-20T18:11:53.8668431+10:00	188	000000	1981	2176	2165	2122	false	false	false	false	false	0	false		0000	0	0	0	0	0	0
2026-05-20T18:11:53.9110085+10:00	189	000000	1981	2176	2165	2123	false	false	false	false	false	0	false		0000	0	0	0	0	0	0
2026-05-20T18:11:53.9541009+10:00	190	000000	1981	2176	2165	2123	false	false	false	false	false	0	false		0000	0	0	0	0	0	0
2026-05-20T18:11:53.9979436+10:00	191	000000	1980	2175	2165	2122	false	false	false	false	false	0	false		0000	0	0	0	0	0	0
2026-05-20T18:11:54.0419228+10:00	192	000000	1980	2175	2165	2122	false	false	false	false	false	0	false		0000	0	0	0	0	0	0
2026-05-20T18:11:54.0858309+10:00	193	000000	1981	2176	2165	2122	false	false	false	false	false	0	false		0000	0	0	0	0	0	0
2026-05-20T18:11:54.1293862+10:00	194	000000	1979	2175	2165	2122	false	false	false	false	false	0	false		0000	0	0	0	0	0	0
2026-05-20T18:11:54.1734905+10:00	195	000000	1981	2175	2165	2122	false	false	false	false	false	0	false		0000	0	0	0	0	0	0
2026-05-20T18:11:54.2170534+10:00	196	000000	1981	2176	2165	2122	false	false	false	false	false	0	false		0000	0	0	0	0	0	0
2026-05-20T18:11:54.2603552+10:00	197	000000	1981	2175	2165	2123	false	false	false	false	false	0	false		0000	0	0	0	0	0	0
2026-05-20T18:11:54.3042652+10:00	198	000000	1981	2176	2165	2122	false	false	false	false	false	0	false		0000	0	0	0	0	0	0
2026-05-20T18:11:54.3478816+10:00	199	000000	1981	2176	2166	2122	false	false	false	false	false	0	false		0000	0	0	0	0	0	0
2026-05-20T18:11:54.3920218+10:00	200	000000	1981	2176	2165	2122	false	false	false	false	false	0	false		0000	0	0	0	0	0	0
2026-05-20T18:11:54.4356277+10:00	201	000000	1981	2176	2165	2123	false	false	false	false	false	0	false		0000	0	0	0	0	0	0
2026-05-20T18:11:54.479492+10:00	202	000000	1981	2176	2165	2122	false	false	false	false	false	0	false		0000	0	0	0	0	0	0
2026-05-20T18:11:54.5232228+10:00	203	000000	1981	2176	2165	2122	false	false	false	false	false	0	false		0000	0	0	0	0	0	0
2026-05-20T18:11:54.5242788+10:00	204	000000	1980	2176	2165	2122	false	false	false	false	false	0	false		0000	0	0	0	0	0	0
2026-05-20T18:11:54.5672373+10:00	205	000000	1981	2176	2164	2122	false	false	false	false	false	0	false		0000	0	0	0	0	0	0
2026-05-20T18:11:54.6103668+10:00	206	000000	1980	2176	2165	2123	false	false	false	false	false	0	false		0000	0	0	0	0	0	0
2026-05-20T18:11:54.6544494+10:00	207	000000	1981	2175	2165	2121	false	false	false	false	false	0	false		0000	0	0	0	0	0	0
2026-05-20T18:11:54.6982321+10:00	208	000000	1981	2176	2165	2121	false	false	false	false	false	0	false		0000	0	0	0	0	0	0
2026-05-20T18:11:54.7421656+10:00	209	000000	1981	2176	2165	2122	false	false	false	false	false	0	false		0000	0	0	0	0	0	0
2026-05-20T18:11:54.78541+10:00	210	000000	1981	2176	2164	2123	false	false	false	false	false	0	false		0000	0	0	0	0	0	0
2026-05-20T18:11:54.829451+10:00	211	000000	1979	2176	2165	2122	false	false	false	false	false	0	false		0000	0	0	0	0	0	0
2026-05-20T18:11:54.8734404+10:00	212	000000	1980	2176	2166	2122	false	false	false	false	false	0	false		0000	0	0	0	0	0	0
2026-05-20T18:11:54.917044+10:00	213	000000	1981	2175	2165	2122	false	false	false	false	false	0	false		0000	0	0	0	0	0	0
2026-05-20T18:11:54.9604279+10:00	214	000000	1980	2175	2165	2122	false	false	false	false	false	0	false		0000	0	0	0	0	0	0
2026-05-20T18:11:55.0036087+10:00	215	000000	1981	2176	2165	2123	false	false	false	false	false	0	false		0000	0	0	0	0	0	0
2026-05-20T18:11:55.0481518+10:00	216	000000	1981	2175	2165	2123	false	false	false	false	false	0	false		0000	0	0	0	0	0	0
2026-05-20T18:11:55.091629+10:00	217	000000	1982	2175	2164	2122	false	false	false	false	false	0	false		0000	0	0	0	0	0	0
2026-05-20T18:11:55.1353935+10:00	218	000000	1982	2175	2165	2122	false	false	false	false	false	0	false		0000	0	0	0	0	0	0
2026-05-20T18:11:55.1794877+10:00	219	000000	1981	2176	2165	2122	false	false	false	false	false	0	false		0000	0	0	0	0	0	0
2026-05-20T18:11:55.2228328+10:00	220	000000	1981	2175	2164	2122	false	false	false	false	false	0	false		0000	0	0	0	0	0	0
2026-05-20T18:11:55.2665974+10:00	221	000000	1980	2176	2165	2122	false	false	false	false	false	0	false		0000	0	0	0	0	0	0
2026-05-20T18:11:55.3104782+10:00	222	000000	1981	2175	2165	2123	false	false	false	false	false	0	false		0000	0	0	0	0	0	0
2026-05-20T18:11:55.3541681+10:00	223	000000	1981	2176	2165	2122	false	false	false	false	false	0	false		0000	0	0	0	0	0	0
2026-05-20T18:11:55.3981805+10:00	224	000000	1981	2176	2166	2121	false	false	false	false	false	0	false		0000	0	0	0	0	0	0
2026-05-20T18:11:55.4420765+10:00	225	000000	1981	2176	2165	2122	false	false	false	false	false	0	false		0000	0	0	0	0	0	0
2026-05-20T18:11:55.4855253+10:00	226	000000	1981	2176	2165	2122	false	false	false	false	false	0	false		0000	0	0	0	0	0	0
2026-05-20T18:11:55.5293853+10:00	227	000000	1981	2175	2165	2123	false	false	false	false	false	0	false		0000	0	0	0	0	0	0
