"frame"	"time"	"len"	"data"
"54533"	"60.479256000"	"64"	"02508789239138000000000000000000005087892391380000000000000000000000000000000000000000000000000000000000000000000000000000000000"
"54547"	"60.495981000"	"64"	"02518789239138000000000000000000005187892391380000000000000000000000000000000000000000000000000000000000000000000000000000000000"
"54561"	"60.511563000"	"64"	"02528789239138000000000000000000005287892391380000000000000000000000000000000000000000000000000000000000000000000000000000000000"
"54575"	"60.527855000"	"64"	"02538789239138000000000000000000005387892391380000000000000000000000000000000000000000000000000000000000000000000000000000000000"
"54587"	"60.543914000"	"64"	"02548789239138000000000000000000005487892391380000000000000000000000000000000000000000000000000000000000000000000000000000000000"
"54597"	"60.559936000"	"64"	"02558789239138000000000000000000005587892391380000000000000000000000000000000000000000000000000000000000000000000000000000000000"
"54609"	"60.575473000"	"64"	"02568789239138000000000000000000005687892391380000000000000000000000000000000000000000000000000000000000000000000000000000000000"
"54623"	"60.591736000"	"64"	"02578789239138000000000000000000005787892391380000000000000000000000000000000000000000000000000000000000000000000000000000000000"
"54637"	"60.607913000"	"64"	"02588789239138000000000000000000005887892391380000000000000000000000000000000000000000000000000000000000000000000000000000000000"
"54649"	"60.623969000"	"64"	"02598789239138000000000000000000005987892391380000000000000000000000000000000000000000000000000000000000000000000000000000000000"
"54659"	"60.639571000"	"64"	"025a8789239138000000000000000000005a87892391380000000000000000000000000000000000000000000000000000000000000000000000000000000000"
"54671"	"60.655630000"	"64"	"025b8789239138000000000000000000005b87892391380000000000000000000000000000000000000000000000000000000000000000000000000000000000"
"54685"	"60.671840000"	"64"	"025c8789239138000000000000000000005c87892391380000000000000000000000000000000000000000000000000000000000000000000000000000000000"
"54699"	"60.687863000"	"64"	"025d8789239138000000000000000000005d87892391380000000000000000000000000000000000000000000000000000000000000000000000000000000000"
"54711"	"60.703466000"	"64"	"025e8789239138000000000000000000005e87892391380000000000000000000000000000000000000000000000000000000000000000000000000000000000"
"54721"	"60.719461000"	"64"	"025f8789239138000000000000000000005f87892391380000000000000000000000000000000000000000000000000000000000000000000000000000000000"
"54733"	"60.735992000"	"64"	"02508789239138000000000000000000005087892391380000000000000000000000000000000000000000000000000000000000000000000000000000000000"
"54747"	"60.751891000"	"64"	"02518789239138000000000000000000005187892391380000000000000000000000000000000000000000000000000000000000000000000000000000000000"
"54761"	"60.767921000"	"64"	"02528789239138000000000000000000005287892391380000000000000000000000000000000000000000000000000000000000000000000000000000000000"
"54773"	"60.783939000"	"64"	"02538789239138000000000000000000005387892391380000000000000000000000000000000000000000000000000000000000000000000000000000000000"
"54785"	"60.799527000"	"64"	"02548789239138000000000000000000005487892391380000000000000000000000000000000000000000000000000000000000000000000000000000000000"
"54795"	"60.815531000"	"64"	"02558789239138000000000000000000005587892391380000000000000000000000000000000000000000000000000000000000000000000000000000000000"
"54809"	"60.831571000"	"64"	"02568789239138000000000000000000005687892391380000000000000000000000000000000000000000000000000000000000000000000000000000000000"
"54823"	"60.847582000"	"64"	"02578789239138000000000000000000005787892391380000000000000000000000000000000000000000000000000000000000000000000000000000000000"
"54833"	"60.863612000"	"64"	"02588789239138000000000000000000005887892391380000000000000000000000000000000000000000000000000000000000000000000000000000000000"
"54843"	"60.879673000"	"64"	"02598701201100000000000000000000005987012011000000000000000000000000000000000000000000000000000000000000000000000000000000000000"
